year,state,fertility_rate,party_fct,Female,Male,pct
2003,AL,62.58,Rep,500,711,0.7032348804500703
2003,AK,71.71,Rep,689.54,923.07,0.7470072692211858
2003,AZ,79.67,Rep,600,849.995,0.7058865052147365
2003,AR,67.46,Rep,461.2,637.6,0.7233375156838142
2003,CA,69.89,Dem,692,961.53,0.7196863332397325
2003,CO,69.94,Dem,646.175,923.07,0.7000281668779181
2003,CT,59.7,Dem,692.3,1057.69,0.6545396099046034
2003,DE,64.43,Dem,614.25,882,0.6964285714285714
2003,DC,53.44,Dem,673.07,865.38,0.7777739259053826
2003,FL,62.83,Rep,538.46,784.61,0.6862772587655014
2003,GA,69.66,Rep,560,720,0.7777777777777778
2003,HI,71.26,Dem,671.115,769,0.8727113133940182
2003,ID,76.87,Rep,480,673,0.7132243684992571
2003,IL,67.53,Dem,600,884,0.6787330316742082
2003,IN,66.08,Rep,540.4,772,0.7
2003,IA,64.24,Neutral,540.4,768.5999999999999,0.703096539162113
2003,KS,69.73,Rep,560,769,0.7282184655396619
2003,KY,63.19,Rep,500,708.525,0.705691401150277
2003,LA,65.74,Rep,477.5,720,0.6631944444444444
2003,ME,52.44,Dem,520,712.85,0.7294662271165041
2003,MD,62.16,Dem,692.3,961.53,0.7199983359853567
2003,MA,57.19,Dem,710.4,994,0.7146881287726358
2003,MI,62.32,Dem,600,865.44,0.6932889628397115
2003,MN,64.9,Dem,641.4,903.84,0.7096388741370153
2003,MS,68.37,Rep,471.75,690,0.683695652173913
2003,MO,64.31,Rep,550,769.23,0.7150007150007149
2003,MT,63.05,Rep,480,673.07,0.713150192401979
2003,NE,71.87,Rep,498.4,762.35,0.6537679543516757
2003,NV,72.08,Dem,561.73,769.23,0.7302497302497303
2003,NH,53.4,Dem,576.92,920,0.6270869565217391
2003,NJ,64.83,Dem,730,1039.23,0.7024431550282421
2003,NM,71.02,Dem,480,711.53,0.6746026168959848
2003,NY,60.8,Dem,615.38,900,0.6837555555555556
2003,NC,65.14,Rep,538.46,769,0.7002080624187257
2003,ND,60.99,Rep,462.5,688.845,0.6714137432949357
2003,OH,62.94,Rep,550,769.615,0.7146430358036161
2003,OK,70.21,Rep,500,692.3,0.7222302470027445
2003,OR,63.06,Dem,576,800,0.72
2003,PA,58.19,Dem,576.46,807.69,0.7137144201364385
2003,RI,56.82,Dem,625,898.175,0.6958554847329307
2003,SC,62.77,Rep,538.5,740.38,0.7273292093249413
2003,SD,71.33,Rep,490,650,0.7538461538461538
2003,TN,63.31,Rep,495.25,700,0.7075
2003,TX,77.01,Rep,542,769.23,0.7046007046007046
2003,UT,91.8,Rep,550,769.23,0.7150007150007149
2003,VT,51.66,Dem,560.8,749,0.7487316421895861
2003,VA,62.83,Dem,576.92,855,0.6747602339181286
2003,WA,61.79,Dem,625.4300000000001,923.07,0.6775542483235292
2003,WV,58.39,Rep,480,696,0.6896551724137931
2003,WI,61.04,Dem,576.92,807.69,0.7142839455731778
2003,WY,65.64,Rep,480,783.4,0.612713811590503
2004,AL,62.66,Rep,508.445,730.76,0.6957756308500739
2004,AK,73.15,Rep,676.5350000000001,961.53,0.7036025917028071
2004,AZ,80.54,Rep,600,817.3,0.7341245564664138
2004,AR,68.69,Rep,461.53,619.625,0.7448537421827718
2004,CA,70.07,Dem,730,1000,0.73
2004,CO,69.29,Dem,673.0350000000001,928.5,0.7248626817447497
2004,CT,58.98,Dem,730.76,1032,0.7081007751937984
2004,DE,64.3,Dem,656.12,865.38,0.7581871547759366
2004,DC,55.47,Dem,727.88,1068,0.6815355805243446
2004,FL,63.29,Rep,576.92,800,0.72115
2004,GA,70.56,Rep,585,730.76,0.800536427828562
2004,HI,71,Dem,600,807.69,0.7428592653121866
2004,ID,78.54,Rep,507.69,733.63,0.6920245900522062
2004,IL,67.28,Dem,600,923.07,0.6500048750365628
2004,IN,66.85,Rep,550,769.23,0.7150007150007149
2004,IA,65.03,Neutral,560,769.23,0.728000728000728
2004,KS,70.47,Rep,576.92,800,0.72115
2004,KY,64.06,Rep,520,720,0.7222222222222222
2004,LA,66.2,Rep,491,730.76,0.6719032240407248
2004,ME,53.2,Dem,520,740,0.7027027027027027
2004,MD,61.8,Dem,730.76,976.11,0.7486451322084601
2004,MA,56.58,Dem,730.76,996,0.7336947791164659
2004,MI,62.28,Dem,633.6,920,0.688695652173913
2004,MN,65.71,Dem,662.8,954,0.6947589098532494
2004,MS,69.15,Rep,480.76,683.6,0.7032767700409596
2004,MO,65.04,Rep,560,826,0.6779661016949152
2004,MT,63.66,Rep,480.76,671.5,0.7159493670886076
2004,NE,73.35,Rep,540,760,0.7105263157894737
2004,NV,72.46,Dem,576.92,806,0.7157816377171216
2004,NH,54.3,Dem,645,942.3,0.6844953836357848
2004,NJ,64.18,Dem,720,1013.5,0.710409472126295
2004,NM,72.05,Dem,550,800,0.6875
2004,NY,60.28,Dem,665,923.07,0.7204220698321904
2004,NC,65.55,Rep,576.92,751.8,0.7673849428039372
2004,ND,62.7,Rep,480,717.5,0.6689895470383276
2004,OH,63.18,Rep,575,840,0.6845238095238095
2004,OK,70.94,Rep,500,712.5,0.7017543859649122
2004,OR,62.9,Dem,576.66,853.84,0.6753724351166495
2004,PA,58.01,Dem,576.92,800,0.72115
2004,RI,55.3,Dem,630,880,0.7159090909090909
2004,SC,63.42,Rep,544.23,750,0.7256400000000001
2004,SD,73.47,Rep,500,673.07,0.7428647837520614
2004,TN,63.84,Rep,518.2,699.875,0.7404179317735311
2004,TX,77.13,Rep,560,779.3,0.7185936096496857
2004,UT,92.5,Rep,538.46,807.69,0.6666666666666666
2004,VT,52.13,Dem,600,800,0.75
2004,VA,64.02,Dem,600,884.3050000000001,0.6784989341912575
2004,WA,62.45,Dem,660,944.75,0.6985975125694628
2004,WV,58.79,Rep,510.23,701,0.7278601997146933
2004,WI,61.44,Dem,567.735,812.495,0.6987550692619647
2004,WY,66.83,Rep,494,759,0.6508563899868248
2005,AL,63.57,Rep,540.8,769,0.7032509752925877
2005,AK,73.87,Rep,720,1000,0.72
2005,AZ,80.58,Rep,602.115,807.69,0.745477844222412
2005,AR,69.46,Rep,500,653.84,0.7647130796525143
2005,CA,70.49,Dem,750,1019,0.7360157016683022
2005,CO,69.57,Dem,680,961.53,0.707206223414766
2005,CT,58.76,Dem,760,1050,0.7238095238095238
2005,DE,65.26,Dem,673,865,0.7780346820809249
2005,DC,55.38,Dem,769.23,1153.84,0.6666695555709631
2005,FL,64.34,Rep,596.075,828.46,0.7194976220940058
2005,GA,71.42,Rep,590,790.1,0.746740918871029
2005,HI,69.24,Dem,673.07,946,0.7114904862579282
2005,ID,78.95,Rep,538.46,781.8,0.6887439242773089
2005,IL,67.01,Dem,650,924,0.7034632034632035
2005,IN,66.99,Rep,563.4,775.75,0.7262649049307122
2005,IA,66.93,Neutral,576.92,780,0.7396410256410256
2005,KS,71.26,Rep,576.92,796.8,0.7240461847389558
2005,KY,65.04,Rep,538,729,0.7379972565157751
2005,LA,62.01,Rep,500,769,0.6501950585175552
2005,ME,54.34,Dem,576.92,769,0.7502210663198959
2005,MD,62.02,Dem,769.23,1038,0.7410693641618498
2005,MA,55.94,Dem,711.53,1057.69,0.6727207404816156
2005,MI,61.87,Dem,640,910,0.7032967032967034
2005,MN,66.28,Dem,680,961,0.7075962539021852
2005,MS,68.66,Rep,479.5,700,0.685
2005,MO,65.86,Rep,559.6,800,0.6995
2005,MT,64.04,Rep,494.5,692.3,0.7142857142857143
2005,NE,73.1,Rep,557.69,800,0.6971125
2005,NV,73.92,Dem,613.4549999999999,800,0.7668187499999999
2005,NH,54.08,Dem,640,961,0.6659729448491155
2005,NJ,63.7,Dem,769,1057,0.727530747398297
2005,NM,72.98,Dem,541.23,750,0.7216400000000001
2005,NY,59.89,Dem,673.07,936.06,0.719045787663184
2005,NC,66.59,Rep,560,769.23,0.728000728000728
2005,ND,64.79,Rep,520,738.46,0.7041681336836118
2005,OH,63.5,Rep,600,808,0.7425742574257426
2005,OK,71.7,Rep,501.6,787.5,0.6369523809523809
2005,OR,62.91,Dem,598,850,0.7035294117647058
2005,PA,58.49,Dem,576.92,838.95,0.6876691101972703
2005,RI,55.64,Dem,657.5,949.6,0.692396798652064
2005,SC,64.34,Rep,538.4000000000001,769.23,0.6999206999207
2005,SD,74.68,Rep,500,707.775,0.7064391932464413
2005,TN,65.15,Rep,530.5799999999999,692.15,0.7665679404753304
2005,TX,77.4,Rep,576.92,769.23,0.7499967499967499
2005,UT,92.81,Rep,538.23,800,0.6727875
2005,VT,50.23,Dem,607.2,792,0.7666666666666667
2005,VA,64.04,Dem,653.84,946,0.6911627906976745
2005,WA,62.96,Dem,680,950,0.7157894736842105
2005,WV,59.15,Rep,510.5,730.76,0.6985877716350102
2005,WI,62.53,Dem,576.92,874,0.660091533180778
2005,WY,71.37,Rep,500,850,0.5882352941176471
2006,AL,66.14,Rep,566.3399999999999,807.69,0.7011848605281727
2006,AK,77.24,Rep,727.635,1065.2,0.6830970709725873
2006,AZ,83.53,Rep,654.6,864,0.7576388888888889
2006,AR,72.06,Rep,560,700,0.8
2006,CA,72.11,Dem,752.05,1048.635,0.7171704167799091
2006,CO,70.94,Dem,687.46,961.53,0.7149646916892869
2006,CT,59.2,Dem,769.23,1120,0.6868125
2006,DE,66.91,Dem,650,920,0.7065217391304348
2006,DC,57.94,Dem,903.4200000000001,1326.92,0.6808398396286136
2006,FL,66.37,Rep,617.065,865.38,0.7130566918579122
2006,GA,73.39,Rep,610,865.19,0.7050474462256845
2006,HI,72.77,Dem,692.3,923,0.7500541711809317
2006,ID,81.4,Rep,577.56,791,0.7301643489254108
2006,IL,67.86,Dem,669,980.38,0.682388461616924
2006,IN,68.15,Rep,576.92,800,0.72115
2006,IA,69.47,Neutral,580,807,0.7187112763320942
2006,KS,73.7,Rep,560,826.92,0.6772118221835245
2006,KY,67.26,Rep,553.84,756,0.7325925925925927
2006,LA,69.81,Rep,525.5,788.46,0.6664891053445957
2006,ME,55.16,Dem,600,807.69,0.7428592653121866
2006,MD,64.15,Dem,750,1060,0.7075471698113207
2006,MA,56.89,Dem,725,1057.69,0.6854560409949985
2006,MI,62.5,Dem,640,931.5,0.6870638754696726
2006,MN,68.97,Dem,685.6,980.76,0.6990497165463518
2006,MS,75.48,Rep,504,720,0.7
2006,MO,68.27,Rep,567.3,800,0.7091249999999999
2006,MT,69.19,Rep,507.2,730.76,0.6940719251190541
2006,NE,75.06,Rep,560,807.69,0.6933353142913741
2006,NV,76.51,Dem,634,865.38,0.7326261295615799
2006,NH,54.42,Dem,700,1000,0.7
2006,NJ,64.81,Dem,807.69,1153.84,0.7000017333425779
2006,NM,75.5,Dem,527.5,769.23,0.6857506857506858
2006,NY,61.2,Dem,680,903.84,0.7523455478845813
2006,NC,68.12,Rep,576.92,768,0.7511979166666666
2006,ND,66.99,Rep,535.73,750,0.7143066666666666
2006,OH,65.08,Rep,600,865.38,0.6933370311308327
2006,OK,74.47,Rep,576,800,0.72
2006,OR,66.04,Dem,634,900,0.7044444444444444
2006,PA,60.17,Dem,600,865,0.6936416184971098
2006,RI,54.96,Dem,700,961.53,0.7280064064563768
2006,SC,68.61,Rep,553.84,792,0.6992929292929293
2006,SD,78.17,Rep,520,750,0.6933333333333334
2006,TN,66.7,Rep,544,750,0.7253333333333334
2006,TX,78.69,Rep,598.2,840,0.7121428571428572
2006,UT,94.76,Rep,576.92,865,0.6669595375722542
2006,VT,52.44,Dem,612,837,0.7311827956989247
2006,VA,65.73,Dem,653,974.9,0.66981228843984
2006,WA,65.53,Dem,700,980.76,0.7137322076756801
2006,WV,59.81,Rep,539.23,760,0.7095131578947369
2006,WI,64.17,Dem,634,865.38,0.7326261295615799
2006,WY,75.33,Rep,553.84,884,0.6265158371040724
2007,AL,67.61,Rep,519.215,769.23,0.674980174980175
2007,AK,78,Rep,743.63,1100,0.6760272727272727
2007,AZ,82.65,Rep,685.19,895.8,0.7648917169010941
2007,AR,72.72,Rep,549.4,720,0.7630555555555555
2007,CA,72.58,Dem,800,1153,0.6938421509106678
2007,CO,70.48,Dem,730.38,1000,0.73038
2007,CT,59.38,Dem,803,1153,0.6964440589765828
2007,DE,67.69,Dem,696.15,1000,0.6961499999999999
2007,DC,59.37,Dem,865.38,1259.615,0.6870194464181516
2007,FL,66.83,Rep,650,865.38,0.7511151170584021
2007,GA,73.57,Rep,611.4000000000001,923,0.6624052004333696
2007,HI,73.73,Dem,673.0350000000001,885.15,0.7603626503982377
2007,ID,82.96,Rep,576,826.92,0.696560731388768
2007,IL,68.1,Dem,673.07,1000,0.6730700000000001
2007,IN,69.24,Rep,600,904.52,0.6633352496351657
2007,IA,70.3,Neutral,615.38,865,0.7114219653179191
2007,KS,75.68,Rep,602,825.96,0.7288488546660855
2007,KY,68.75,Rep,562.4,783.6,0.7177131189382338
2007,LA,72.4,Rep,576.92,933.07,0.6183030212095555
2007,ME,55.83,Dem,615.19,840,0.7323690476190476
2007,MD,64.95,Dem,800,1100,0.7272727272727273
2007,MA,57.4,Dem,769.23,1198,0.6420951585976628
2007,MI,62.33,Dem,634.7049999999999,950,0.6681105263157894
2007,MN,69.43,Dem,726.5,1000,0.7265
2007,MS,76.26,Rep,500,750,0.6666666666666666
2007,MO,68.88,Rep,576.92,850,0.6787294117647058
2007,MT,68.74,Rep,556.9,750,0.7425333333333333
2007,NE,75.96,Rep,600,865.38,0.6933370311308327
2007,NV,76.43,Dem,680,939,0.724174653887114
2007,NH,54.27,Dem,700,1000,0.7
2007,NJ,65.85,Dem,820.6800000000001,1192.3,0.6883166988174118
2007,NM,77,Dem,600,950,0.631578947368421
2007,NY,62.29,Dem,730.76,961.53,0.7599970879743742
2007,NC,68.61,Rep,600,800,0.75
2007,ND,68.97,Rep,560,759.515,0.7373126271370546
2007,OH,65.78,Rep,625,863.2,0.7240500463392029
2007,OK,75.69,Rep,560,769.23,0.728000728000728
2007,OR,66.37,Dem,650.7,961.53,0.6767339552588063
2007,PA,61.04,Dem,642.4,880,0.73
2007,RI,55.88,Dem,730.76,1000,0.73076
2007,SC,68.67,Rep,557.69,800,0.6971125
2007,SD,80.47,Rep,576,740.265,0.7780997345545176
2007,TN,68.19,Rep,560,769,0.7282184655396619
2007,TX,79.22,Rep,600,850,0.7058823529411765
2007,UT,95.67,Rep,600,880,0.6818181818181818
2007,VT,53.19,Dem,646.4,848.075,0.7621967396751466
2007,VA,66.27,Dem,711.53,1000,0.71153
2007,WA,66.7,Dem,751.6,1015,0.7404926108374384
2007,WV,63.23,Rep,560,840,0.6666666666666666
2007,WI,65.01,Dem,662,865.38,0.7649818576810188
2007,WY,76.49,Rep,560,961,0.5827263267429761
2008,AL,67.19,Rep,576.92,822.9,0.7010815408919674
2008,AK,81.29,Rep,769.23,1161.2,0.6624440234240441
2008,AZ,78.97,Rep,700,967.1,0.7238134629304105
2008,AR,71.46,Rep,596.15,700,0.8516428571428571
2008,CA,70.48,Dem,840,1153.84,0.7280038826873744
2008,CO,69.13,Dem,769,1057.69,0.7270561317588329
2008,CT,57.78,Dem,884.61,1200,0.737175
2008,DE,67.17,Dem,720,980,0.7346938775510204
2008,DC,59.73,Dem,961,1250,0.7688
2008,FL,64.74,Rep,673,920,0.7315217391304348
2008,GA,70.8,Rep,640,961,0.6659729448491155
2008,HI,74.78,Dem,756,961.53,0.786246918972887
2008,ID,82.52,Rep,600,820,0.7317073170731707
2008,IL,66.75,Dem,673,1000,0.673
2008,IN,68.49,Rep,646.15,900,0.7179444444444444
2008,IA,69.44,Neutral,646.5,900,0.7183333333333334
2008,KS,75.56,Rep,621.5350000000001,946.15,0.6569095809332559
2008,KY,67.72,Rep,556.4,800,0.6955
2008,LA,70.9,Rep,600,932,0.6437768240343348
2008,ME,54.54,Dem,615.69,864,0.7126041666666667
2008,MD,64.58,Dem,859.5,1153.84,0.7449039728211885
2008,MA,56.82,Dem,817,1250,0.6536
2008,MI,61.37,Dem,690,989.6,0.6972514147130153
2008,MN,68.55,Dem,751.25,1000,0.75125
2008,MS,73.86,Rep,512.6800000000001,769,0.6666840052015606
2008,MO,68.37,Rep,600,848.075,0.7074845974707425
2008,MT,69.55,Rep,560,807.845,0.6932022850918184
2008,NE,76.3,Rep,634,875,0.7245714285714285
2008,NV,72.09,Dem,686,1000,0.686
2008,NH,53.17,Dem,713.5,1057.6,0.67464069591528
2008,NJ,64.31,Dem,807.69,1195.2,0.6757781124497992
2008,NM,76.08,Dem,633.355,855.575,0.7402682406568681
2008,NY,61.63,Dem,750,1000,0.75
2008,NC,67.66,Rep,620,840,0.7380952380952381
2008,ND,70.03,Rep,576.92,807.69,0.7142839455731778
2008,OH,65.47,Rep,634,850,0.7458823529411764
2008,OK,75.18,Rep,615,817.15,0.7526157988129475
2008,OR,65.53,Dem,669.23,923.07,0.7250046042011982
2008,PA,60.67,Dem,680,912,0.7456140350877193
2008,RI,55.11,Dem,730,1070,0.6822429906542056
2008,SC,68.17,Rep,576.92,800,0.72115
2008,SD,79.48,Rep,600,759.05,0.7904617614122917
2008,TN,67.09,Rep,576,769.23,0.7488007488007488
2008,TX,77.84,Rep,621.5,883,0.703850509626274
2008,UT,94.8,Rep,641.6600000000001,923.07,0.6951368801932681
2008,VT,52.49,Dem,673,865.38,0.777693036585084
2008,VA,64.88,Dem,742,1045,0.71004784688995215
2008,WA,67.26,Dem,780,1080,0.7222222222222222
2008,WV,62.28,Rep,560,860,0.6511627906976745
2008,WI,65.02,Dem,655.5,920,0.7125
2008,WY,76.97,Rep,634.61,992.15,0.6396311041677166
2009,AL,64.94,Rep,640,902.22,0.7093613531067811
2009,AK,79.46,Rep,800,1153.84,0.6933370311308328
2009,AZ,73.5,Rep,692.3,1053,0.65745489078822406
2009,AR,69.97,Rep,585.625,680,0.8612132352941176
2009,CA,67.12,Dem,873.7,1153.84,0.7572107051237608
2009,CO,67.24,Dem,769.23,1043,0.73751677852349
2009,CT,55.97,Dem,954.425,1250,0.76354
2009,DE,64.36,Dem,730.76,961,0.7604162330905306
2009,DC,57.44,Dem,1057.69,1634,0.6473011015911873
2009,FL,62.17,Rep,673.07,903.4200000000001,0.7450244625976844
2009,GA,68.15,Rep,692.3,929.5350000000001,0.7447809926468609
2009,HI,72.3,Dem,696.15,961.53,0.7240023712208667
2009,ID,77.58,Rep,600,838,0.7159904534606205
2009,IL,64.81,Dem,673.07,1040,0.6471826923076923
2009,IN,67.15,Rep,645.6,900,0.7173333333333334
2009,IA,68.77,Neutral,680,923.07,0.7366721917081044
2009,KS,74.78,Rep,620,961.53,0.6448056742899337
2009,KY,67.19,Rep,595.61,865.38,0.6882641151863921
2009,LA,70.24,Rep,568,923.07,0.6153379483679461
2009,ME,54.95,Dem,653.84,865.38,0.7555524740576395
2009,MD,62.95,Dem,865.38,1090,0.7939266055045872
2009,MA,55.41,Dem,846,1250,0.6768
2009,MI,60.5,Dem,692.3,973.5,0.7111453518233178
2009,MN,67.25,Dem,769.23,1014.5,0.7582355840315427
2009,MS,70.8,Rep,520,769.23,0.676000676000676
2009,MO,66.87,Rep,600,865.38,0.6933370311308327
2009,MT,68.13,Rep,576.92,793.75,0.7268283464566928
2009,NE,76.07,Rep,656.9200000000001,920,0.7140434782608697
2009,NV,68.4,Dem,715.765,1000,0.715765
2009,NH,52.85,Dem,750,1059,0.7082152974504249
2009,NJ,63.27,Dem,903.84,1288.5,0.7014668218859139
2009,NM,73.01,Dem,653.84,961,0.6803746097814777
2009,NY,61.2,Dem,769.23,1032,0.7453779069767442
2009,NC,65.15,Rep,673,826.92,0.8138634934455571
2009,ND,70.09,Rep,584,850,0.6870588235294117
2009,OH,64.32,Rep,650,896,0.7254464285714286
2009,OK,74.45,Rep,600.8,800,0.7509999999999999
2009,OR,62.6,Dem,665,1000,0.665
2009,PA,59.73,Dem,675,943.6,0.715345485375159
2009,RI,52.81,Dem,740.19,1057.69,0.6998175268746041
2009,SC,65.29,Rep,600,816.32,0.7350058800470404
2009,SD,78.59,Rep,580.32,769,0.7546423927178154
2009,TN,64.48,Rep,576.92,864,0.6677314814814814
2009,TX,76.13,Rep,620,923.07,0.6716717042044482
2009,UT,90.41,Rep,615.19,868.8,0.7080916206261512
2009,VT,51.23,Dem,700.45,923.07,0.7588265245322673
2009,VA,63.71,Dem,733.875,1053.5,0.6966065495965829
2009,WA,66.05,Dem,800,1153,0.6938421509106678
2009,WV,61.92,Rep,596.075,848.075,0.7028564690622882
2009,WI,64.17,Dem,692.3,961,0.7203954214360041
2009,WY,74.07,Rep,630,1038.46,0.6066675654334303
2010,AL,61.82,Rep,600,771.615,0.7775898602282226
2010,AK,78.53,Rep,730,1000,0.73
2010,AZ,67.29,Rep,700,826.08,0.8473755568467944
2010,AR,67.83,Rep,558.4,648,0.8617283950617284
2010,CA,63.42,Dem,805.5,1013.345,0.7948921640704795
2010,CO,62.65,Dem,736.53,961.53,0.7659979407818789
2010,CT,54.29,Dem,865,1153,0.7502168256721596
2010,DE,62.92,Dem,750,865.38,0.8666712889135408
2010,DC,55.97,Dem,1038.46,1250,0.8307680000000001
2010,FL,59.64,Rep,680,855,0.7953216374269005
2010,GA,63.78,Rep,646.15,865.38,0.7466662044419792
2010,HI,71.91,Dem,711,880,0.8079545454545455
2010,ID,72.26,Rep,595.575,800,0.74446875
2010,IL,61.51,Dem,700,961.53,0.7280064064563768
2010,IN,65.02,Rep,600,800,0.75
2010,IA,66.08,Neutral,635.6,800,0.7945
2010,KS,71.22,Rep,604.28,797.64,0.757584875382378
2010,KY,64.72,Rep,595.375,769.23,0.773988273988274
2010,LA,66.4,Rep,576.92,852.5,0.6767390029325513
2010,ME,53.11,Dem,630,807,0.7806691449814126
2010,MD,61.29,Dem,816.845,1017.19,0.8030407298538129
2010,MA,54.32,Dem,869.56,1057,0.8226679280983916
2010,MI,59.85,Dem,680,865.38,0.7857819686149438
2010,MN,65.51,Dem,769.23,950,0.8097157894736843
2010,MS,66.04,Rep,560,720.5,0.7772380291464261
2010,MO,64.79,Rep,615,826.46,0.7441376473150545
2010,MT,66.7,Rep,540,742.4,0.7273706896551725
2010,NE,72,Rep,634,810.765,0.7819775150629344
2010,NV,64.25,Dem,667.6,807.69,0.8265547425373596
2010,NH,51.94,Dem,768.96,961.53,0.7997254375838508
2010,NJ,61.33,Dem,875,1153.84,0.7583373777993483
2010,NM,68.22,Dem,626.8,838.4549999999999,0.747565462666452
2010,NY,59.84,Dem,778.2,1000,0.7782
2010,NC,61.48,Rep,653.84,789.23,0.8284530491745119
2010,ND,72.36,Rep,600,765.265,0.7840421291970755
2010,OH,62.1,Rep,651.3,840,0.7753571428571429
2010,OK,70.37,Rep,600,769.23,0.78000078000078
2010,OR,59.44,Dem,673.07,900,0.7478555555555556
2010,PA,58.84,Dem,673.07,846,0.7955910165484634
2010,RI,51.54,Dem,750,1000,0.75
2010,SC,61.82,Rep,596.15,769,0.7752275682704811
2010,SD,77.1,Rep,597.4749999999999,738.46,0.8090824147550306
2010,TN,62.31,Rep,576.96,750,0.7692800000000001
2010,TX,69.81,Rep,640,807.69,0.792383216332999
2010,UT,83.61,Rep,640,857,0.7467911318553092
2010,VT,51.79,Dem,692.3,807.69,0.8571357822927111
2010,VA,61.88,Dem,750,1000,0.75
2010,WA,63.65,Dem,769.23,1000,0.76923
2010,WV,60.71,Rep,566,846.15,0.6689121314187791
2010,WI,62.01,Dem,692.3,846.15,0.8181764462565738
2010,WY,69.09,Rep,623.5350000000001,917.6,0.679528116826504
2011,AL,62.51,Rep,600,769.23,0.78000078000078
2011,AK,80.09,Rep,769.23,1040,0.7396442307692308
2011,AZ,69.29,Rep,764.14,850,0.8989882352941176
2011,AR,67.68,Rep,582,720,0.8083333333333333
2011,CA,64.77,Dem,840,1000,0.84
2011,CO,64.73,Dem,769.23,1000,0.76923
2011,CT,54.55,Dem,900,1153.84,0.7800041600221869
2011,DE,63.4,Dem,760,942.3,0.80653719622201
2011,DC,56.46,Dem,1038,1250,0.8304
2011,FL,60.26,Rep,699,862,0.8109048723897911
2011,GA,64.61,Rep,660,872.5,0.7564469914040115
2011,HI,72.44,Dem,720,932.5350000000001,0.7720889832553202
2011,ID,75.74,Rep,600,800,0.75
2011,IL,62.77,Dem,729,961.53,0.7581666718667125
2011,IN,65.2,Rep,615.38,843,0.729988137603796
2011,IA,67.14,Neutral,666,819.225,0.8129634715737435
2011,KS,73.3,Rep,646.275,832,0.7767728365384615
2011,KY,65.26,Rep,608,769,0.7906371911573472
2011,LA,67.19,Rep,597.4,884,0.6757918552036198
2011,ME,53.61,Dem,640,800,0.8
2011,MD,61.84,Dem,865,1057,0.8183538315988647
2011,MA,53.95,Dem,865,1134.3049999999998,0.7625814926320523
2011,MI,59.7,Dem,692.3,918,0.7541394335511982
2011,MN,65.61,Dem,760.2,954.5,0.7964379256155055
2011,MS,66.28,Rep,576.92,742.5,0.7769966329966329
2011,MO,65.23,Rep,640,856.8,0.7469654528478058
2011,MT,67.12,Rep,572.9549999999999,740,0.7742635135135134
2011,NE,73,Rep,663.2,830.76,0.7983051663537003
2011,NV,65.34,Dem,700,812,0.8620689655172413
2011,NH,51.47,Dem,760,961.53,0.7904069555812091
2011,NJ,61.51,Dem,884.61,1153.84,0.7666660888858075
2011,NM,69.87,Dem,673.07,821.5,0.8193183201460743
2011,NY,60.37,Dem,807.69,961.53,0.8400049920439301
2011,NC,62.76,Rep,650,800,0.8125
2011,ND,70.5,Rep,634.61,807.69,0.7857098639329445
2011,OH,62.24,Rep,680,807.69,0.8419071673538114
2011,OK,72.27,Rep,600,800,0.75
2011,OR,60.39,Dem,720,923,0.7800650054171181
2011,PA,58.68,Dem,700,860,0.813953488372093
2011,RI,52.07,Dem,800,1000,0.8
2011,SC,62.85,Rep,580,742.23,0.7814289371219164
2011,SD,77.52,Rep,603.36,756.0550000000001,0.7980371798348004
2011,TN,62.38,Rep,598.075,730.76,0.818428759100115
2011,TX,72.49,Rep,653.84,807,0.8102106567534078
2011,UT,86.79,Rep,649,870.75,0.7453344817685903
2011,VT,52.6,Dem,700,826.92,0.8465147777294055
2011,VA,62.32,Dem,769.23,995,0.7730954773869347
2011,WA,63.83,Dem,769.23,1040,0.7396442307692308
2011,WV,59.86,Rep,597.69,807.69,0.7399992571407347
2011,WI,62.4,Dem,695.02,855,0.8128888888888889
2011,WY,70.87,Rep,650,942.3,0.6898015494004033
2012,AL,60.95,Rep,640,850,0.7529411764705882
2012,AK,75.94,Rep,769.23,1104.8,0.69626176683562635
2012,AZ,67.48,Rep,738.46,844,0.8749526066350711
2012,AR,66.96,Rep,600,734.5,0.8168822328114363
2012,CA,63.29,Dem,846,1038.46,0.814667873582035
2012,CO,62.05,Dem,769.23,1000,0.76923
2012,CT,53.21,Dem,880,1182,0.7445008460236887
2012,DE,61.4,Dem,760,961.53,0.7904069555812091
2012,DC,55.27,Dem,1153.84,1303.845,0.8849518155915771
2012,FL,59,Rep,729,880,0.8284090909090909
2012,GA,62.38,Rep,673.07,899.0350000000001,0.7486582836040866
2012,HI,71.61,Dem,711.53,920,0.7734021739130434
2012,ID,74.11,Rep,645,807.595,0.7986676490072375
2012,IL,60.91,Dem,738.46,961.53,0.7680051584453944
2012,IN,64.69,Rep,640,865,0.7398843930635838
2012,IA,66.76,Neutral,673.07,853.5,0.7885998828353837
2012,KS,72.31,Rep,653.84,876,0.7463926940639269
2012,KY,65.45,Rep,600,758.82,0.790701352099312
2012,LA,67.01,Rep,576.92,812.5,0.7100553846153845
2012,ME,53.95,Dem,659.5,819.115,0.8051372517900417
2012,MD,60.81,Dem,865.38,1064.7649999999999,0.8127427178767147
2012,MA,53.52,Dem,852.88,1057.69,0.8063610320604335
2012,MI,59.62,Dem,701.3199999999999,906,0.7740838852097129
2012,MN,65.73,Dem,800,961.53,0.8320073216644307
2012,MS,64.2,Rep,576.92,800,0.72115
2012,MO,64.34,Rep,674.0350000000001,865,0.7792312138728325
2012,MT,66.62,Rep,563.2,760,0.7410526315789474
2012,NE,72.35,Rep,692.3,826.46,0.837669094693028
2012,NV,62.98,Dem,660,865.38,0.762670734243916
2012,NH,50.27,Dem,788,961.53,0.8195272118394642
2012,NJ,60.35,Dem,900,1159.6,0.7761296998965161
2012,NM,67.81,Dem,692.3,840.6,0.8235783963835355
2012,NY,59.67,Dem,800,961.53,0.8320073216644307
2012,NC,61.04,Rep,673,840,0.8011904761904762
2012,ND,74.63,Rep,660,832.75,0.7925547883518463
2012,OH,62.6,Rep,680,840,0.8095238095238095
2012,OK,70.52,Rep,653.38,807,0.8096406443618339
2012,OR,59,Dem,761,961.53,0.7914469647332897
2012,PA,58.75,Dem,701.04,865.38,0.8100949871732649
2012,RI,51.74,Dem,788,967.215,0.8147102764121731
2012,SC,61.37,Rep,600,740.38,0.8103946622004916
2012,SD,78.08,Rep,600,754.2,0.7955449482895783
2012,TN,62.63,Rep,615.38,769.23,0.7999947999947999
2012,TX,69.88,Rep,680,900,0.7555555555555555
2012,UT,83.09,Rep,685.145,884.61,0.774516453578413
2012,VT,51.6,Dem,700,865.38,0.8088932029859714
2012,VA,61.66,Dem,796.8,1015.38,0.7847308396856348
2012,WA,63.52,Dem,769.23,1040,0.7396442307692308
2012,WV,61.33,Rep,600,865.38,0.6933370311308327
2012,WI,61.83,Dem,700,900,0.7777777777777778
2012,WY,69.47,Rep,659.6,1000,0.6596000000000001
2013,AL,60.61,Rep,673,820,0.8207317073170731
2013,AK,77.81,Rep,780.8,1153,0.6771899392888118
2013,AZ,66.33,Rep,720,923.07,0.7800058500438752
2013,AR,65.89,Rep,627.2,728.35,0.8611244593945219
2013,CA,61.97,Dem,840,1000,0.84
2013,CO,60.99,Dem,800,1057.69,0.7563652866151708
2013,CT,52.68,Dem,923,1153.84,0.7999375996671982
2013,DE,60.33,Dem,760.6,961.53,0.7910309610724575
2013,DC,53.29,Dem,1192,1346.15,0.8854882442521264
2013,FL,59.27,Rep,720,880,0.8181818181818182
2013,GA,61.62,Rep,715.38,900,0.7948666666666666
2013,HI,71.52,Dem,787,923.07,0.8525897277562915
2013,ID,71.81,Rep,675.2,774.615,0.8716588240609852
2013,IL,60.28,Dem,769,961.53,0.799767037949934
2013,IN,64.31,Rep,653.84,860,0.7602790697674419
2013,IA,67.07,Neutral,677.6,882,0.7682539682539683
2013,KS,69.54,Rep,650,847.6,0.7668711656441718
2013,KY,65.28,Rep,610,760,0.8026315789473685
2013,LA,67.33,Rep,600,865.38,0.6933370311308327
2013,ME,54.37,Dem,688.75,800.66,0.8602278120550546
2013,MD,60.11,Dem,916.66,1096,0.8363686131386862
2013,MA,52.84,Dem,913.5,1194,0.7650753768844221
2013,MI,60.03,Dem,720,900,0.8
2013,MN,65.89,Dem,800,989.81,0.808235924066235
2013,MS,64.21,Rep,595.6,747.4,0.7968959058067969
2013,MO,64.11,Rep,680,865,0.7861271676300579
2013,MT,67.21,Rep,600,800,0.75
2013,NE,72.18,Rep,700,850,0.8235294117647058
2013,NV,62.84,Dem,700,800,0.875
2013,NH,50.79,Dem,800,961.53,0.8320073216644307
2013,NJ,59.6,Dem,865,1153.84,0.749670664910213
2013,NM,66.08,Dem,653.84,900,0.726488888888889
2013,NY,58.76,Dem,800,961.765,0.8318040269712456
2013,NC,60.36,Rep,673,831.38,0.8094974620510477
2013,ND,75.34,Rep,692.3,901.9200000000001,0.7675847081781089
2013,OH,62.75,Rep,691.15,860,0.8036627906976744
2013,OK,70.59,Rep,588.8,800,0.736
2013,OR,58.6,Dem,720,906.5,0.7942636514065086
2013,PA,58.36,Dem,708.1500000000001,884.61,0.8005222640485639
2013,RI,51.55,Dem,807.69,1000,0.80769
2013,SC,60.63,Rep,615.38,800,0.769225
2013,SD,78.09,Rep,600,769.115,0.7801174076698543
2013,TN,62.14,Rep,673,769.23,0.8749008749008749
2013,TX,69.87,Rep,673.07,900,0.7478555555555556
2013,UT,80.91,Rep,673.07,854,0.7881381733021078
2013,VT,51.36,Dem,750,823.25,0.9110233829334953
2013,VA,60.93,Dem,826.92,1003.6,0.823953766440813
2013,WA,62.57,Dem,800,1000,0.8
2013,WV,61.49,Rep,650,864,0.7523148148148148
2013,WI,61.32,Dem,720,880,0.8181818181818182
2013,WY,69.34,Rep,680,1000,0.68
2014,AL,61.83,Rep,634,840,0.7547619047619047
2014,AK,77.34,Rep,882,1085.65,0.8124165246626445
2014,AZ,66.43,Rep,712.3,923.07,0.7716641208142393
2014,AR,67,Rep,634.61,769,0.8252405721716515
2014,CA,62.38,Dem,865,1000,0.865
2014,CO,60.69,Dem,800,1038.46,0.7703715116614988
2014,CT,53.04,Dem,884.61,1153,0.7672246313963573
2014,DE,60.82,Dem,769.23,865.38,0.8888927407612841
2014,DC,53.55,Dem,1173.07,1346.15,0.8714259183597667
2014,FL,59.66,Rep,721,865.38,0.8331599990755506
2014,GA,62.22,Rep,692.3,865.38,0.7999953777531258
2014,HI,69.29,Dem,806.1,880,0.9160227272727273
2014,ID,72.66,Rep,673,769.23,0.8749008749008749
2014,IL,61.07,Dem,780,961,0.8116545265348595
2014,IN,64.91,Rep,673.07,875,0.7692228571428572
2014,IA,67.77,Neutral,692,864.5,0.8004626951995373
2014,KS,70,Rep,693.3499999999999,888,0.7807995495495494
2014,KY,65.8,Rep,600,800,0.75
2014,LA,68.42,Rep,653.4200000000001,865.38,0.7550671381358479
2014,ME,54.3,Dem,693,832.625,0.8323074613421408
2014,MD,61.5,Dem,959.5,1100,0.8722727272727273
2014,MA,52.52,Dem,961.53,1117.64,0.8603217494005224
2014,MI,60.59,Dem,720,923.135,0.7799509280874412
2014,MN,66.36,Dem,807.69,986.8,0.8184941224158898
2014,MS,64.42,Rep,615.38,800,0.769225
2014,MO,64.07,Rep,703,923.07,0.7615890452511727
2014,MT,66.96,Rep,600,807.2,0.7433102081268582
2014,NE,73.59,Rep,688,842.77,0.816355589306691
2014,NV,63.33,Dem,692.3,835,0.8291017964071856
2014,NH,50.5,Dem,791.2,961.53,0.822855241126122
2014,NJ,59.95,Dem,846.075,1153,0.7338031222896791
2014,NM,65.53,Dem,673.07,888.8,0.7572794779477948
2014,NY,59.02,Dem,865,1038.46,0.8329641969839955
2014,NC,61.01,Rep,684.5350000000001,807.69,0.8475219453007962
2014,ND,78.81,Rep,690,920,0.75
2014,OH,63.06,Rep,673.07,865.38,0.7777739259053826
2014,OK,69.94,Rep,659.2,826,0.7980629539951575
2014,OR,58.7,Dem,760.5,988,0.7697368421052632
2014,PA,59.1,Dem,725,942.15,0.7695165313378974
2014,RI,51.51,Dem,850,1000,0.85
2014,SC,61.08,Rep,630.76,826.92,0.762782373143714
2014,SD,77.79,Rep,621.6,805,0.7721739130434783
2014,TN,62.98,Rep,673.07,769,0.875253576072822
2014,TX,70.7,Rep,700,923.07,0.7583390208759898
2014,UT,80,Rep,682.2,940,0.7257446808510639
2014,VT,52.85,Dem,760,865.38,0.8782269060990547
2014,VA,61.34,Dem,862.5,1019.115,0.8463225445607218
2014,WA,63.34,Dem,846.075,1000,0.846075
2014,WV,60.29,Rep,673.07,820,0.8208170731707317
2014,WI,61.77,Dem,732,915,0.8
2014,WY,69.45,Rep,680,1024.115,0.6639879310429004
2015,AL,62.21,Rep,613,850,0.7211764705882353
2015,AK,77,Rep,837.8,1107.69,0.7563487979488845
2015,AZ,64.67,Rep,700,900,0.7777777777777778
2015,AR,67.46,Rep,633.3050000000001,800,0.7916312500000001
2015,CA,60.83,Dem,840,1057.69,0.7941835509459293
2015,CO,60.17,Dem,795.475,1000,0.795475
2015,CT,52.52,Dem,961,1153.84,0.8328711086459128
2015,DE,61.75,Dem,769,865.38,0.8886269615660173
2015,DC,52.81,Dem,1153.84,1365.38,0.8450687720634548
2015,FL,59.96,Rep,750,865.38,0.8666712889135408
2015,GA,61.99,Rep,694.3,865.38,0.8023065011902285
2015,HI,68.68,Dem,807.69,923.07,0.875004062530469
2015,ID,71.83,Rep,673.07,830.38,0.8105566126351791
2015,IL,61.34,Dem,795,1000,0.795
2015,IN,64.82,Rep,700,900,0.7777777777777778
2015,IA,67.1,Neutral,704.8,882,0.7990929705215419
2015,KS,69.9,Rep,692.3,923.07,0.7499972916463539
2015,KY,65.72,Rep,692,853.8,0.8104942609510425
2015,LA,68.53,Rep,650,865.38,0.7511151170584021
2015,ME,54.31,Dem,721.5,911.5350000000001,0.7915219931214929
2015,MD,61.32,Dem,960,1100,0.8727272727272727
2015,MA,52.03,Dem,950,1153,0.823937554206418
2015,MI,60.25,Dem,720,960,0.75
2015,MN,66.25,Dem,840,1000,0.84
2015,MS,64.05,Rep,592,800,0.74
2015,MO,63.8,Rep,673,875,0.7691428571428571
2015,MT,67.32,Rep,658.6,807.345,0.8157603007388415
2015,NE,72.82,Rep,673.07,874.49,0.7696714656542671
2015,NV,63.26,Dem,730.76,923,0.7917226435536294
2015,NH,51.3,Dem,769,961.53,0.799767037949934
2015,NJ,60.01,Dem,961,1153.84,0.8328711086459128
2015,NM,65.28,Dem,650,865.38,0.7511151170584021
2015,NY,58.79,Dem,872.2,1028.9,0.8477014287102731
2015,NC,60.67,Rep,688.75,865.38,0.7958931336522683
2015,ND,76.4,Rep,692.3,923.07,0.7499972916463539
2015,OH,63.08,Rep,726.5,886.3050000000001,0.8196952516345952
2015,OK,69.14,Rep,656.875,880,0.7464488636363636
2015,OR,58.06,Dem,750,961,0.7804370447450573
2015,PA,58.75,Dem,731,960,0.7614583333333333
2015,RI,52.46,Dem,800,1000,0.8
2015,SC,61.07,Rep,650.3,800,0.8128749999999999
2015,SD,78.17,Rep,639.2,804.1,0.7949260042283298
2015,TN,62.85,Rep,660,807,0.8178438661710037
2015,TX,70.21,Rep,721.15,973.5,0.7407806882383153
2015,UT,77.96,Rep,692.3,920,0.7525
2015,VT,51.06,Dem,769.23,903.84,0.8510687732342007
2015,VA,61.31,Dem,826.92,1057.69,0.7818169785097712
2015,WA,62.79,Dem,827.06,1065.105,0.7765056027340027
2015,WV,59.39,Rep,646.15,802,0.8056733167082294
2015,WI,61.77,Dem,748.4,961,0.7787721123829344
2015,WY,70.16,Rep,653,961,0.6795005202913632
2016,AL,62.08,Rep,673.07,900,0.7478555555555556
2016,AK,76.06,Rep,880,1073,0.8201304753028891
2016,AZ,63.53,Rep,807.595,903.84,0.8935154452115419
2016,AR,66.36,Rep,653.84,800,0.8173
2016,CA,60.63,Dem,875,1057.69,0.827274532235343
2016,CO,59.31,Dem,830.76,1000,0.8307599999999999
2016,CT,53.42,Dem,910,1211.53,0.7511163570031283
2016,DE,61.16,Dem,807,961,0.8397502601456815
2016,DC,53.75,Dem,1192.3,1442.3,0.8266657422172918
2016,FL,59.67,Rep,750,870.8,0.861276986678916
2016,GA,61.09,Rep,760,900,0.8444444444444444
2016,HI,67.58,Dem,769.23,961,0.8004474505723205
2016,ID,69.8,Rep,670.215,880,0.7616079545454546
2016,IL,60.58,Dem,807,1057,0.7634815515610217
2016,IN,64.25,Rep,711,864.5,0.8224407171775593
2016,IA,66.86,Neutral,701.53,954.94,0.7346325423586821
2016,KS,68.12,Rep,718,900,0.7977777777777778
2016,KY,65.35,Rep,702,865.38,0.8112043264230743
2016,LA,67.18,Rep,684,900,0.76
2016,ME,54.92,Dem,769,949,0.8103266596417281
2016,MD,61.28,Dem,961.53,1195.65,0.804190189436708
2016,MA,51.94,Dem,968.44,1153.42,0.8396247680810113
2016,MI,60.47,Dem,760,960,0.7916666666666666
2016,MN,66.13,Dem,880,1060.5,0.8297972654408298
2016,MS,63.68,Rep,634.61,807,0.7863816604708799
2016,MO,63.78,Rep,720,908.4200000000001,0.7925849276766253
2016,MT,65.34,Rep,720,880,0.8181818181818182
2016,NE,72.22,Rep,740,900,0.8222222222222222
2016,NV,62.56,Dem,744,992,0.75
2016,NH,50.93,Dem,769.23,1017.6,0.7559257075471698
2016,NJ,60.12,Dem,980,1250,0.784
2016,NM,62.67,Dem,711.765,850,0.8373705882352941
2016,NY,58.56,Dem,875,1057.69,0.827274532235343
2016,NC,60.31,Rep,711,920,0.7728260869565218
2016,ND,77.27,Rep,720,961.53,0.7488065894979876
2016,OH,62.84,Rep,718.875,911.73,0.7884735612516863
2016,OK,68.44,Rep,673,900,0.7477777777777778
2016,OR,57.03,Dem,816.65,980,0.8333163265306123
2016,PA,58.49,Dem,750,961.53,0.7800068640604038
2016,RI,51.79,Dem,807.69,961.265,0.8402365632785965
2016,SC,59.87,Rep,694.75,923,0.7527085590465872
2016,SD,77.65,Rep,674.0350000000001,890,0.7573426966292136
2016,TN,62.02,Rep,680.08,865,0.7862196531791908
2016,TX,68.55,Rep,750,961.53,0.7800068640604038
2016,UT,76.15,Rep,703.2,1000,0.7032
2016,VT,50.32,Dem,800,920,0.8695652173913043
2016,VA,61.13,Dem,861,1064.045,0.8091763036337748
2016,WA,62.96,Dem,807.69,1080,0.7478611111111112
2016,WV,58.22,Rep,689,865.38,0.7961820240819062
2016,WI,61.59,Dem,736,961.53,0.7654467359312762
2016,WY,67.15,Rep,694.15,997.5,0.6958897243107769
2017,AL,62.05,Rep,673.0350000000001,900,0.7478166666666668
2017,AK,71.51,Rep,941.05,1153,0.8161751951431049
2017,AZ,60.84,Rep,800,1000,0.8
2017,AR,64.98,Rep,687.265,849.8,0.8087373499646976
2017,CA,58.2,Dem,900,1120,0.8035714285714286
2017,CO,56.59,Dem,872.5,1057.345,0.8251800500309738
2017,CT,52.34,Dem,1000,1171.5349999999999,0.8535809856299642
2017,DE,60.19,Dem,807.69,961,0.8404682622268471
2017,DC,51.27,Dem,1250,1500,0.8333333333333334
2017,FL,58.42,Rep,769.23,884,0.8701696832579185
2017,GA,60.19,Rep,740,918,0.8061002178649237
2017,HI,65.87,Dem,860.98,1040,0.8278653846153846
2017,ID,67.43,Rep,715,923.07,0.7745891427519039
2017,IL,59,Dem,812.5,1080,0.7523148148148148
2017,IN,63.42,Rep,720,946.8,0.7604562737642586
2017,IA,64.89,Neutral,769,925.735,0.8306912885436977
2017,KS,65.38,Rep,800,961.53,0.8320073216644307
2017,KY,64.53,Rep,708.015,865.38,0.8181550301601609
2017,LA,65.18,Rep,713,920,0.775
2017,ME,53.12,Dem,769.23,961,0.8004474505723205
2017,MD,60.04,Dem,1044,1200,0.87
2017,MA,51.17,Dem,1000,1283.42,0.7791681600723067
2017,MI,59.45,Dem,769.23,951.6,0.8083543505674653
2017,MN,64.3,Dem,865,1057,0.8183538315988647
2017,MS,63.13,Rep,659.2,800,0.8240000000000001
2017,MO,62.33,Rep,750,961,0.7804370447450573
2017,MT,62.07,Rep,720,884.61,0.8139179977617255
2017,NE,69.75,Rep,800,961,0.8324661810613944
2017,NV,60.69,Dem,730.76,903,0.8092580287929125
2017,NH,50.2,Dem,864,1019.23,0.8476987529801909
2017,NJ,59.03,Dem,1000,1222.1,0.8182636445462729
2017,NM,60.13,Dem,725.65,840,0.8638690476190476
2017,NY,57.42,Dem,909.7,1096,0.8300182481751825
2017,NC,59.57,Rep,800,961,0.8324661810613944
2017,ND,73.4,Rep,769.23,968.4,0.7943308550185874
2017,OH,62.1,Rep,760,923.07,0.8233395083796461
2017,OK,65.32,Rep,703.8,950,0.7408421052631579
2017,OR,53.84,Dem,800,1000,0.8
2017,PA,57.79,Dem,788,1000,0.788
2017,RI,50.88,Dem,866.25,1057.69,0.8190017869129896
2017,SC,59.05,Rep,700,923.07,0.7583390208759898
2017,SD,76.37,Rep,692.3,876,0.790296803652968
2017,TN,61.73,Rep,700,884.61,0.7913091644905664
2017,TX,64.91,Rep,769.23,1000,0.76923
2017,UT,71.96,Rep,711.265,1000,0.711265
2017,VT,49.67,Dem,830.38,948,0.8759282700421941
2017,VA,59.72,Dem,851,1098.075,0.7749926006875668
2017,WA,59.78,Dem,846.15,1144.56,0.7392797232124135
2017,WV,57.95,Rep,673.07,840,0.8012738095238096
2017,WI,59.95,Dem,779.4,961,0.8110301768990634
2017,WY,64.07,Rep,720,1035.805,0.6951115316106796
2018,AL,60.88,Rep,701,961.53,0.7290464156084574
2018,AK,69.28,Rep,940,1153.84,0.8146710115787285
2018,AZ,58.62,Rep,800,1000,0.8
2018,AR,64.05,Rep,693.55,845,0.8207692307692307
2018,CA,56.24,Dem,961,1115.38,0.8615897720956086
2018,CO,54.12,Dem,960,1208.7649999999999,0.7941990378609574
2018,CT,51.84,Dem,961.53,1250,0.769224
2018,DE,59.09,Dem,856,1000,0.856
2018,DC,48.76,Dem,1346.15,1634.61,0.8235297716274831
2018,FL,57.17,Rep,769.23,961.53,0.8000062400549125
2018,GA,58.32,Rep,769.23,961,0.8004474505723205
2018,HI,64.15,Dem,900,1096.15,0.8210555124754823
2018,ID,63.39,Rep,730,900,0.8111111111111111
2018,IL,57.55,Dem,880,1153,0.7632263660017347
2018,IN,62.84,Rep,750,961.53,0.7800068640604038
2018,IA,63.52,Neutral,769.23,995,0.7730954773869347
2018,KS,64.74,Rep,773.76,977.745,0.7913719834926284
2018,KY,63.46,Rep,720,880,0.8181818181818182
2018,LA,64.33,Rep,696,942.15,0.7387358700843815
2018,ME,53.26,Dem,826.92,960.5,0.860926600728787
2018,MD,59.88,Dem,1000,1284.23,0.7786767167874913
2018,MA,49.47,Dem,1057,1250,0.8456
2018,MI,58.48,Dem,807.69,1000,0.80769
2018,MN,62.7,Dem,1000,1153.84,0.866671288913541
2018,MS,62.76,Rep,666,845,0.7881656804733728
2018,MO,62.4,Rep,800,961.53,0.8320073216644307
2018,MT,59.55,Rep,724.035,920.6,0.7864816424071257
2018,NE,68.42,Rep,771.2,1000,0.7712
2018,NV,60.04,Dem,769.23,880,0.874125
2018,NH,49.06,Dem,923.07,1104.48,0.8357507605388962
2018,NJ,60.08,Dem,966,1230.76,0.7848808866066496
2018,NM,57.96,Dem,769,923.07,0.8330895815051946
2018,NY,57.92,Dem,936,1134,0.8253968253968254
2018,NC,58.39,Rep,769.23,939.75,0.8185474860335196
2018,ND,72.16,Rep,777.815,1038.23,0.7491740751085983
2018,OH,61.11,Rep,800,990,0.8080808080808081
2018,OK,64.61,Rep,740,998.75,0.7409261576971214
2018,OR,51.4,Dem,843,1068.7649999999999,0.7887608594967089
2018,PA,56.92,Dem,807,1000,0.807
2018,RI,50.53,Dem,898,1120,0.8017857142857143
2018,SC,58.15,Rep,760,961.53,0.7904069555812091
2018,SD,73.61,Rep,754,900,0.8377777777777777
2018,TN,61.08,Rep,720,923,0.7800650054171181
2018,TX,63.37,Rep,769.23,1038.46,0.7407410973942183
2018,UT,68.39,Rep,749.4,1038.46,0.7216455135489089
2018,VT,47.21,Dem,846.15,1000,0.84615
2018,VA,59.14,Dem,870.19,1153,0.7547181266261926
2018,WA,57.48,Dem,920,1167.83,0.7877858934947725
2018,WV,57.2,Rep,673,900,0.7477777777777778
2018,WI,58.94,Dem,800,1006.8,0.7945967421533572
2018,WY,61.04,Rep,714.8299999999999,1050,0.6807904761904762
2019,AL,61.74,Rep,730,980,0.7448979591836735
2019,AK,68.07,Rep,961,1153.84,0.8328711086459128
2019,AZ,56.75,Rep,845,1057.69,0.7989108339872741
2019,AR,63.22,Rep,742.4,901.5,0.823516361619523
2019,CA,55.36,Dem,961,1150,0.8356521739130435
2019,CO,53.32,Dem,961.53,1161.5,0.8278346965131296
2019,CT,51.09,Dem,1000,1200,0.8333333333333334
2019,DE,58.66,Dem,858.925,1028.415,0.8351929911562939
2019,DC,47.69,Dem,1490,1655.57,0.8999921477195165
2019,FL,56.57,Rep,800,961.53,0.8320073216644307
2019,GA,57.97,Rep,800,1031,0.7759456838021338
2019,HI,63.9,Dem,902.58,1127.3049999999998,0.8006528845343542
2019,ID,63.98,Rep,700,966.28,0.7244277021153289
2019,IL,56.11,Dem,923,1153.84,0.7999375996671982
2019,IN,61.7,Rep,760,1000,0.76
2019,IA,63.35,Neutral,780.25,975,0.8002564102564103
2019,KS,62.99,Rep,765.19,961.53,0.7958046030805072
2019,KY,62.58,Rep,738.23,950.25,0.7768797684819785
2019,LA,63.9,Rep,739.5,1000,0.7395
2019,ME,50.61,Dem,800,1000,0.8
2019,MD,59.2,Dem,1096.15,1250,0.87692
2019,MA,49.6,Dem,1057.69,1250,0.846152
2019,MI,57.43,Dem,818.5,1000,0.8185
2019,MN,61.04,Dem,950,1153.84,0.8233377244678639
2019,MS,62.7,Rep,680,859.4200000000001,0.7912312955248888
2019,MO,61.28,Rep,807,1030,0.7834951456310679
2019,MT,56.76,Rep,750,961.53,0.7800068640604038
2019,NE,66.23,Rep,828,980,0.8448979591836735
2019,NV,58.31,Dem,810.2,1000,0.8102
2019,NH,48.18,Dem,900,1153.84,0.7800041600221869
2019,NJ,59.49,Dem,975.5,1302.88,0.748725899545622
2019,NM,57.62,Dem,760,960,0.7916666666666666
2019,NY,57.17,Dem,971.15,1153.84,0.8416678222283852
2019,NC,57.75,Rep,807,961,0.8397502601456815
2019,ND,70.56,Rep,800,1100,0.7272727272727273
2019,OH,60.78,Rep,843,1040,0.8105769230769231
2019,OK,63.43,Rep,750,961,0.7804370447450573
2019,OR,50.56,Dem,880,1153,0.7632263660017347
2019,PA,56.33,Dem,840,1076.46,0.7803355442840421
2019,RI,48.79,Dem,961.53,1153,0.833937554206418
2019,SC,57.95,Rep,760,1000,0.76
2019,SD,70.63,Rep,769.23,1000,0.76923
2019,TN,60.31,Rep,750,961.89,0.7797149362193182
2019,TX,62.54,Rep,826.92,1057.69,0.7818169785097712
2019,UT,66.68,Rep,769.23,1038.46,0.7407410973942183
2019,VT,46.81,Dem,884.3050000000001,1068.4,0.8276909397229502
2019,VA,57.76,Dem,961.53,1250,0.769224
2019,WA,55.95,Dem,900,1200,0.75
2019,WV,57.56,Rep,738,877,0.8415051311288484
2019,WI,58.06,Dem,835,1050,0.7952380952380952
2019,WY,60.82,Rep,769.23,1067.3,0.7207251944158156
2020,AL,60.58,Rep,807,1000,0.807
2020,AK,65.73,Rep,1000,1160,0.8620689655172413
2020,AZ,53.96,Rep,903.84,1020,0.8861176470588236
2020,AR,60.65,Rep,800,961.53,0.8320073216644307
2020,CA,52.41,Dem,1057.69,1250,0.846152
2020,CO,51.47,Dem,1024.0349999999999,1300,0.7877192307692307
2020,CT,49.94,Dem,1250,1300,0.9615384615384616
2020,DE,56.98,Dem,865.19,1102,0.7851088929219602
2020,DC,46.14,Dem,1617.19,1923.06,0.840946200326563
2020,FL,53.44,Rep,865.38,1058.345,0.8176728760470356
2020,GA,55.74,Rep,807,1116.725,0.722648816852851
2020,HI,61.1,Dem,961,1201.5,0.7998335414065751
2020,ID,60.94,Rep,769.23,1032.125,0.7452876347341649
2020,IL,53.82,Dem,961.53,1230.38,0.781490271298298
2020,IN,59.83,Rep,807.69,1078.46,0.7489290284294272
2020,IA,60.4,Neutral,865.38,1057.69,0.8181792396637956
2020,KS,61.1,Rep,834.75,1000,0.83475
2020,KY,60.81,Rep,750,961.53,0.7800068640604038
2020,LA,62.25,Rep,800,1065.5,0.7508212106992023
2020,ME,49.21,Dem,800,1057.69,0.7563652866151708
2020,MD,57.73,Dem,1153,1346.15,0.8565167329049511
2020,MA,47.61,Dem,1200,1384.61,0.8666700370501441
2020,MI,55.56,Dem,920,1146,0.8027923211169284
2020,MN,58.34,Dem,1000,1192.3,0.8387150884844419
2020,MS,61.03,Rep,680,906.6,0.7500551511140525
2020,MO,58.66,Rep,818,1057.69,0.7733835055640121
2020,MT,54.3,Rep,778.27,970,0.802340206185567
2020,NE,64.69,Rep,875,1057.69,0.827274532235343
2020,NV,54.83,Dem,830.76,1076,0.7720817843866171
2020,NH,47.68,Dem,992,1173.07,0.8456443349501735
2020,NJ,58.6,Dem,1057.69,1346.15,0.7857148163280466
2020,NM,54.61,Dem,850.5,1038.46,0.8190012133351309
2020,NY,54.58,Dem,1050,1311,0.8009153318077803
2020,NC,56.21,Rep,872.75,1057,0.825685903500473
2020,ND,67.41,Rep,881,1105.625,0.7968343697003957
2020,OH,58.34,Rep,865.38,1088,0.7953860294117647
2020,OK,60.97,Rep,769.23,1000,0.76923
2020,OR,47.76,Dem,960,1174.0349999999999,0.8176928285783645
2020,PA,54.9,Dem,920,1120,0.8214285714285714
2020,RI,48.67,Dem,995.19,1200,0.8293250000000001
2020,SC,55.91,Rep,798.07,1000,0.7980700000000001
2020,SD,66.72,Rep,807.69,960,0.8413437500000001
2020,TN,58.49,Rep,777,961.53,0.8080871111665783
2020,TX,60.21,Rep,923,1150,0.802608695652174
2020,UT,64.07,Rep,807.69,1120,0.7211517857142857
2020,VT,44.68,Dem,920,1100,0.8363636363636363
2020,VA,55.81,Dem,1038.46,1313.845,0.7903976496466478
2020,WA,54.01,Dem,1038.46,1300,0.7988153846153846
2020,WV,55.27,Rep,750,923,0.8125677139761647
2020,WI,55.43,Dem,881.2,1040,0.8473076923076923
2020,WY,56.43,Rep,832.5,1047.5,0.7947494033412887
