state,year,gdp,pop,unemp_rate,poverty_rate,gdp_per_capita
AL,2000,119851.7,4452.173,4.6,14.6,26919.820950353904
AL,2001,122915.5,4467.634,5.2,15.7,27512.4372318771
AL,2002,127505,4480.089,5.9,15.4,28460.372104214894
AL,2003,134152.6,4503.491,6,15.3,29788.579570826278
AL,2004,147715.2,4530.729,5.6,16.1,32602.965218180125
AL,2005,158846.8,4569.805,4.4,16.9,34760.08276064295
AL,2006,166469,4628.981,4,16.6,35962.34246802914
AL,2007,172975.2,4672.84,4.1,16.6,37017.14588986569
AL,2008,174526.3,4718.206,5.8,15.9,36989.97034042176
AL,2009,170930.9,4757.938,10.1,17.5,35925.41558969452
AL,2010,177249.2,4785.514,10.4,18.9,37038.69636574044
AL,2011,183916.6,4799.642,9.6,19.1,38318.816278380764
AL,2012,189245.5,4816.632,8.2,19,39290.00596267267
AL,2013,194786.9,4831.586,7.3,18.9,40315.312611635185
AL,2014,197406.9,4843.737,6.7,19.2,40755.08228460794
AL,2015,202372.4,4854.803,6.1,18.5,41684.98701183138
AL,2016,207368.4,4866.824,5.9,17.2,42608.56772301608
AL,2017,214606.3,4877.989,4.5,16.9,43994.8306566497
AL,2018,223859.3,4891.628,3.9,16.8,45763.76208493369
AL,2019,231561.9,4907.965,3.2,15.6,47180.8376791603
AL,2020,230892.1,5024.803,6.5,14.9,45950.478058542794
AK,2000,26806.6,627.963,6.3,8.5,42688.18385796615
AK,2001,28494.1,633.714,6.3,8.7,44963.658685148184
AK,2002,29756.8,642.337,7.2,9.3,46325.83830606053
AK,2003,32037.9,648.414,7.7,9.8,49409.63643598072
AK,2004,35302.4,659.286,7.4,10,53546.41233091557
AK,2005,40356.6,666.946,6.9,10.8,60509.54650001649
AK,2006,45094.1,675.302,6.6,10.9,66776.19790849132
AK,2007,49583.7,680.3,6.3,9.8,72885.05071292077
AK,2008,55122.5,687.455,6.5,9.2,80183.43018815777
AK,2009,49957.8,698.895,8,9.1,71481.12377395746
AK,2010,53331.6,713.982,8.2,11,74696.00073951445
AK,2011,56896.3,722.349,7.8,10.8,78765.6659038775
AK,2012,58283.6,730.81,7.2,10.8,79752.05593793189
AK,2013,57247.7,737.626,7,10.1,77610.74040231771
AK,2014,56484.9,737.075,6.7,11.4,76633.85679883322
AK,2015,51490.9,738.43,6.3,10.4,69730.23847893505
AK,2016,50727.7,742.575,6.6,9.9,68313.2343534323
AK,2017,53301.5,740.983,6.5,11,71933.49914910329
AK,2018,54899.6,736.624,6,11.1,74528.66048350312
AK,2019,54728.2,733.603,5.5,10.2,74601.930471931
AK,2020,50475.2,732.441,8.2,9.6,68913.67359282181
AZ,2000,165110.7,5160.586,4,12.5,31994.56418321485
AZ,2001,171909.6,5273.477,4.7,13.2,32598.909599871207
AZ,2002,180522.3,5396.255,6.2,13.6,33453.25600810191
AZ,2003,193634.9,5510.364,5.8,13.9,35140.128673895226
AZ,2004,206541.1,5652.404,5,14.6,36540.3994477394
AZ,2005,227915.9,5839.077,4.7,14.4,39032.864269472724
AZ,2006,245957,6029.141,4.3,14.2,40794.70027322301
AZ,2007,261392,6167.681,3.8,14.1,42380.920803134926
AZ,2008,262926,6280.362,5.8,14.7,41864.784227405995
AZ,2009,246424.3,6343.154,9.7,16.5,38848.85973129455
AZ,2010,251153,6407.342,10.3,17.6,39197.68915097711
AZ,2011,260915.7,6473.416,9.4,19,40305.72112158403
AZ,2012,271440,6556.344,8.3,18.7,41401.122332812316
AZ,2013,278591.6,6634.69,7.8,18.6,41990.14573401319
AZ,2014,287666.6,6732.873,6.8,18.2,42725.68337469012
AZ,2015,299393.3,6832.81,6.1,17.4,43817.00940023211
AZ,2016,313081.4,6944.767,5.5,16.4,45081.627648558984
AZ,2017,332001.8,7048.088,5,14.9,47105.229106106504
AZ,2018,351879.5,7164.228,4.8,14.1,49116.178323749606
AZ,2019,372393.5,7291.843,4.9,13.5,51069.873555972066
AZ,2020,382072.3,7177.986,7.7,12.8,53228.3428805796
AR,2000,68678.5,2678.588,4.2,15,25639.814708346337
AR,2001,70616.7,2691.571,4.8,15.9,26236.238984593012
AR,2002,74113.9,2705.927,5.3,16.3,27389.467639001345
AR,2003,78695.1,2724.816,5.8,16,28880.885902020545
AR,2004,85199.6,2749.686,5.6,15.6,30985.210674964343
AR,2005,90887.7,2781.097,5.3,17.2,32680.52139137901
AR,2006,95875.1,2821.761,5.2,17.3,33977.04483122419
AR,2007,98381.6,2848.65,5.4,17.6,34536.218910712094
AR,2008,99706.8,2874.554,5.4,17.3,34686.006942294356
AR,2009,97508.1,2896.843,7.7,18.5,33660.12586805706
AR,2010,101486.5,2921.998,7.9,18.7,34731.88551121527
AR,2011,105768.1,2941.038,7.9,19.3,35962.84713084292
AR,2012,108492.1,2952.876,7.3,19.6,36741.163530063575
AR,2013,113227.3,2960.459,7.1,19.4,38246.53541900091
AR,2014,116139.4,2968.759,5.9,18.7,39120.5214030509
AR,2015,117786.8,2979.732,5,18.7,39529.32679851745
AR,2016,119152.4,2991.815,4,17.2,39826.125612713346
AR,2017,122466.7,3003.855,3.7,16.3,40769.8440836858
AR,2018,127535.7,3012.161,3.6,16.8,42340.26667233259
AR,2019,131578.3,3020.985,3.5,16,43554.7677330407
AR,2020,133969.1,3012.232,6.1,15.2,44475.02715594284
CA,2000,1356975.4,33987.977,4.9,12.7,39925.15941740222
CA,2001,1375761.3,34479.458,5.5,12.9,39900.89693405274
CA,2002,1418429.6,34871.843,6.8,13.3,40675.49856771264
CA,2003,1497918.7,35253.159,6.9,13.7,42490.33966005713
CA,2004,1588177.4,35574.576,6.2,13.2,44643.60727728701
CA,2005,1698560.4,35827.943,5.4,13.3,47408.817190537564
CA,2006,1812210,36021.202,4.9,13.1,50309.537144262984
CA,2007,1898902,36250.311,5.3,12.4,52383.05403779846
CA,2008,1944695.3,36604.337,7.3,13.3,53127.45590775213
CA,2009,1890165.9,36961.229,11.5,14.2,51139.15178523961
CA,2010,1954092.7,37319.55,12.5,15.8,52361.10028121989
CA,2011,2023500,37636.311,11.9,16.6,53764.56794609864
CA,2012,2113096.4,37944.551,10.5,17,55689.060597923526
CA,2013,2220389.9,38253.768,9,16.8,58043.691277680155
CA,2014,2335286.5,38586.706,7.6,16.4,60520.49376798321
CA,2015,2473555.9,38904.296,6.3,15.4,63580.533625386764
CA,2016,2569634,39149.186,5.5,14.4,65636.97135363173
CA,2017,2728743.1,39337.785,4.8,13.3,69366.97376326603
CA,2018,2897200.7,39437.463,4.3,12.8,73463.16115719714
CA,2019,3042694.1,39437.61,4.1,11.8,77152.0916201565
CA,2020,3020173.4,39499.738,10.2,11.5,76460.59323228928
CO,2000,180063.2,4326.921,2.7,8.9,41614.6261972428
CO,2001,186695.8,4425.687,3.8,8.7,42184.591906296126
CO,2002,190019,4490.406,5.7,9.5,42316.6635711782
CO,2003,196126.5,4528.732,6.1,10,43307.15529203318
CO,2004,204167.2,4575.013,5.6,10.2,44626.5835747352
CO,2005,220783.7,4631.888,5.1,10.9,47666.027330539946
CO,2006,232646.7,4720.423,4.2,11.6,49285.13821748602
CO,2007,248446.5,4803.868,3.7,11.5,51718.011402478165
CO,2008,258871.7,4889.73,4.9,11.2,52941.92112856948
CO,2009,251227.7,4972.195,7.9,12.6,50526.51796641122
CO,2010,258300.2,5047.539,9.2,13.2,51173.49266642616
CO,2011,267516.1,5121.9,8.7,13.4,52229.85610808489
CO,2012,276823.1,5193.66,8,13.6,53300.196778379795
CO,2013,292140.5,5270.774,6.7,12.9,55426.4895440404
CO,2014,309542.6,5352.637,5,12.1,57829.925698305335
CO,2015,320721.1,5454.328,3.7,11.5,58801.212541673325
CO,2016,329911.7,5543.844,3.1,11,59509.55690672393
CO,2017,349156.5,5617.421,2.6,10.3,62156.01429908849
CO,2018,372212.1,5697.155,3,9.7,65332.977600223276
CO,2019,394534.7,5758.486,2.6,9.4,68513.6162526053
CO,2020,391263.3,5784.308,6.9,9,67642.19678481852
CT,2000,165614.3,3411.777,2.1,7.3,48541.94749539609
CT,2001,171216.6,3432.835,2.9,7.1,49876.1519269059
CT,2002,173248.3,3458.749,4.4,7.8,50089.87353520015
CT,2003,178702.2,3484.336,5.5,8,51287.30409466826
CT,2004,195354.9,3496.094,5.1,9.1,55878.045613190036
CT,2005,205214.6,3506.956,4.8,8.3,58516.44560125647
CT,2006,219768.4,3517.46,4.4,8.3,62479.28903242681
CT,2007,234540.7,3527.27,4.5,7.9,66493.54883521817
CT,2008,238936.8,3545.579,5.6,9.1,67390.06520514702
CT,2009,233290.7,3561.807,8.3,9.3,65497.84982734887
CT,2010,234700,3579.173,9.6,10.1,65573.8071336591
CT,2011,233158.7,3588.632,9,10.8,64971.47102294133
CT,2012,240911.9,3595.211,8.4,10.6,67009.11295609632
CT,2013,241517.4,3595.792,8,10.7,67166.67704917303
CT,2014,246597,3595.697,6.6,10.8,68581.14017949787
CT,2015,259487.8,3588.561,5.6,10.6,72309.70854334091
CT,2016,263670.3,3579.83,4.8,9.9,73654.41934393533
CT,2017,271443.2,3575.324,4.4,9.7,75921.28713369754
CT,2018,279923,3574.561,3.9,10.3,78309.75607913811
CT,2019,288536.3,3566.022,3.5,9.9,80912.65281033039
CT,2020,276223.3,3600.26,7.8,9.7,76723.1533278152
DE,2000,43451.3,786.373,3.6,8.7,55255.33048566011
DE,2001,46096.1,795.699,3.6,8.4,57931.57965512084
DE,2002,45508.3,806.169,4.3,9.3,56450.07436406014
DE,2003,47686.1,818.003,4.5,9,58295.75197156978
DE,2004,51353.7,830.803,4.3,9.6,61812.12634042005
DE,2005,52153.5,845.15,4.5,10.3,61709.164053718276
DE,2006,55174.4,859.268,3.9,10.7,64210.933026715764
DE,2007,56612.8,871.749,3.6,10.3,64941.62884041164
DE,2008,55459.8,883.874,5,10.3,62746.27379015561
DE,2009,57849.7,891.73,8.4,11.2,64873.560382627016
DE,2010,58163.5,899.647,8.7,11.9,64651.46885389491
DE,2011,61372.2,907.59,7.6,12.6,67621.06237397944
DE,2012,62354.6,915.518,7.1,12.7,68108.5462000747
DE,2013,61716.2,924.062,6.6,12.9,66787.94280037486
DE,2014,68354.7,933.131,5.6,13,73253.05878810157
DE,2015,71913.9,942.065,4.8,12.6,76336.45236793639
DE,2016,69355,949.989,4.5,11.8,73006.10849178252
DE,2017,68302.5,957.942,4.5,13,71301.28963966503
DE,2018,72168.3,966.985,3.8,12.2,74632.2848854946
DE,2019,76923.7,976.668,3.7,11.2,78761.36005275078
DE,2020,75818.6,991.886,7.6,10.9,76438.82462299097
DC,2000,61092.9,572.046,5.7,16.3,106797.18064631167
DC,2001,65442.9,574.504,6.5,17.5,113912.00061270242
DC,2002,69919.5,573.158,7,17.2,121989.92249955509
DC,2003,73957.1,568.502,7.3,17.5,130091.18701429373
DC,2004,80140.1,567.754,8.1,18.3,141152.85845630325
DC,2005,84867.6,567.136,7,18.3,149642.41381255997
DC,2006,88125,570.681,6.3,18.1,154420.77097362623
DC,2007,93785.4,574.404,6,17.1,163274.28081977143
DC,2008,99496.5,580.236,6.8,16.9,171475.91669596508
DC,2009,100446,592.228,10,17.6,169606.9756917944
DC,2010,106146.9,605.282,10,18.8,175367.67985831396
DC,2011,109730.4,620.29,10.2,19.1,176901.7717519225
DC,2012,112157,635.737,9,18.8,176420.438011316
DC,2013,114540.1,651.559,8.4,18.8,175793.90354518933
DC,2014,119414.6,663.603,7.7,18.4,179948.8549629824
DC,2015,124604.7,677.014,6.9,17.7,184050.4036844142
DC,2016,129648.6,687.576,6.2,18.5,188558.93748472896
DC,2017,133243.5,697.079,6.1,16.6,191145.47992408322
DC,2018,139722.5,704.147,5.6,16.1,198428.02710229537
DC,2019,143990.8,708.253,5.4,14.1,203304.18649832753
DC,2020,144720,690.093,8,15,209710.86505731838
FL,2000,490429.8,16047.515,3.8,11.7,30561.10556681206
FL,2001,519058.6,16356.966,4.4,12.6,31733.18328105591
FL,2002,553010.3,16689.37,4.9,12.8,33135.480847988874
FL,2003,590483.1,17004.085,4.5,13,34725.955557149944
FL,2004,646630.6,17415.318,3.8,11.9,37129.990965424804
FL,2005,705851.9,17842.038,2.9,12.8,39561.17008606304
FL,2006,750523.8,18166.99,2.5,12.6,41312.50141052535
FL,2007,782712.5,18367.842,3.3,12.1,42613.19865447449
FL,2008,763341.5,18527.305,5.7,13.3,41200.892412577006
FL,2009,735421,18652.644,9.6,15,39427.171826149686
FL,2010,746928.9,18846.143,10.8,16.5,39632.98485000352
FL,2011,755240,19055.607,10,17,39633.47900699254
FL,2012,778545,19302.016,8.6,17.2,40334.90594972049
FL,2013,811751.7,19551.678,7.5,17.1,41518.26252457718
FL,2014,851692.4,19853.88,6.4,16.6,42898.03302931215
FL,2015,908519.9,20219.111,5.5,15.8,44933.72136885741
FL,2016,953352.5,20627.237,4.9,14.8,46218.13866782061
FL,2017,1003144,20977.089,4.3,14.1,47820.93454434979
FL,2018,1057255.4,21254.926,3.7,13.7,49741.66459106938
FL,2019,1111392.2,21492.056,3.2,12.7,51711.767361856866
FL,2020,1116726.8,21569.932,8.2,12.4,51772.383890686346
GA,2000,305572,8227.303,3.5,12.3,37141.21140305638
GA,2001,317475.5,8377.038,4.1,12.7,37898.300091273304
GA,2002,327051.3,8508.256,5.3,13,38439.2876754061
GA,2003,342576.2,8622.793,5.1,13.4,39729.14576518305
GA,2004,364782,8769.252,5.1,13.7,41597.84665784493
GA,2005,389537.7,8925.922,5.7,14.5,43641.17230690566
GA,2006,406015.6,9155.813,5.1,14.8,44345.117140334776
GA,2007,419606.3,9349.988,4.9,14.3,44877.736741480316
GA,2008,416377.6,9504.843,6.8,14.7,43806.88876186592
GA,2009,409590.8,9620.846,10.4,16.6,42573.262268203856
GA,2010,418091.3,9712.209,10.7,18,43048.01307303004
GA,2011,431653.9,9803.63,10.1,19.2,44030.00725241569
GA,2012,447764.7,9903.58,9,19.2,45212.408038305344
GA,2013,464752.8,9975.592,8.1,19,46588.99441757441
GA,2014,490079.3,10071.204,7.1,18.4,48661.441074969785
GA,2015,521008.2,10183.353,6.1,17.2,51162.735888660645
GA,2016,547546.7,10308.442,5.4,16.1,53116.33901611902
GA,2017,573777.2,10417.031,4.8,15.1,55080.684697972
GA,2018,602366.4,10519.389,4,14.5,57262.489294767984
GA,2019,637992.5,10628.02,3.6,13.5,60029.290498136055
GA,2020,625425.7,10725.8,6.5,14,58310.40108896306
HI,2000,41096.8,1213.519,4.2,9.9,33865.80679824544
HI,2001,42585.4,1225.948,4.3,10.4,34736.709876764755
HI,2002,44644.2,1239.613,4,11,36014.627145730155
HI,2003,48166.1,1251.154,3.9,10.8,38497.33925639849
HI,2004,52353.5,1273.569,3.3,9,41107.70598216508
HI,2005,57369.4,1292.729,2.8,9.9,44378.52016934717
HI,2006,60846.5,1309.731,2.5,9.4,46457.249618433096
HI,2007,64163.6,1315.675,2.7,8.5,48768.57886636137
HI,2008,65678.2,1332.213,4,9.3,49300.07438750409
HI,2009,64549.7,1346.717,6.7,10.4,47931.15405835079
HI,2010,66872.9,1364.004,6.8,11.1,49026.909011997035
HI,2011,69083.9,1379.562,6.8,12.1,50076.69100772564
HI,2012,71905.3,1395.199,5.9,11.8,51537.66595302892
HI,2013,74554.9,1408.822,4.8,11.2,52920.02822216008
HI,2014,76773.3,1415.335,4.2,11.5,54243.90691956322
HI,2015,81230.3,1422.999,3.4,10.7,57083.87707932331
HI,2016,83914.4,1428.885,2.9,9.5,58727.189381930664
HI,2017,87217.4,1425.763,2.2,9.5,61172.438897628854
HI,2018,90330.8,1423.102,2.4,9,63474.578772287576
HI,2019,91912.7,1415.615,2.5,9,64927.7522490225
HI,2020,82535.5,1451.911,12,8.9,56846.115223316025
ID,2000,38083.1,1299.43,4.7,11.2,29307.542537881993
ID,2001,37489,1319.962,5.1,11.5,28401.57519686173
ID,2002,38673.2,1340.372,5.6,11.7,28852.587192212308
ID,2003,40490.6,1363.38,5.6,11.7,29698.6900203905
ID,2004,44327.9,1391.802,4.9,11.5,31849.286033501892
ID,2005,48642.8,1428.241,4,13.4,34057.83757783176
ID,2006,51125.8,1468.669,3.4,12.8,34810.975107393155
ID,2007,53934.5,1505.105,3.1,12.1,35834.37700359776
ID,2008,56200.8,1534.32,5,12.5,36629.12560613171
ID,2009,54064.1,1554.439,8.7,14.4,34780.45777286854
ID,2010,55587.6,1570.819,8.8,15.8,35387.654465600426
ID,2011,56941.1,1584.272,8.2,16.5,35941.492369997075
ID,2012,58323.9,1595.91,7.4,16,36545.857849126834
ID,2013,61835.8,1612.053,6.8,15.6,38358.416255544944
ID,2014,64575.2,1632.248,4.4,14.8,39562.125363302635
ID,2015,65899.9,1652.495,3.9,14.7,39879.03140402845
ID,2016,68837.4,1684.036,3.7,13.8,40876.44207130963
ID,2017,71730.3,1719.745,3.2,12.6,41709.84651794307
ID,2018,77395.4,1752.074,2.9,11.7,44173.59084148272
ID,2019,82847.2,1789.06,3,11,46307.66994958246
ID,2020,85927.8,1847.772,5.5,10.1,46503.4647131789
IL,2000,487014.6,12434.161,4.4,10,39167.467752749864
IL,2001,501552.8,12488.445,5.4,10.1,40161.34915115533
IL,2002,514361.1,12525.556,6.6,11.3,41064.93156870641
IL,2003,533022.5,12556.006,6.7,11.4,42451.59647104342
IL,2004,563060.8,12589.773,6.2,11.9,44723.66578809643
IL,2005,589811.8,12609.903,5.7,12,46773.69841782289
IL,2006,624242.9,12643.955,4.6,12.3,49370.85745718014
IL,2007,650145.2,12695.866,5.1,11.9,51209.204634012356
IL,2008,654657.5,12747.038,6.5,12.2,51357.61735392959
IL,2009,649862.7,12796.778,10.2,13.3,50783.30654794511
IL,2010,666404.8,12840.545,10.5,13.8,51898.48250210564
IL,2011,692880.8,12867.783,9.8,14.9,53846.16759545914
IL,2012,726399.1,12883.029,9,14.7,56384.18573768637
IL,2013,741121.5,12895.778,9.1,14.6,57470.08827230121
IL,2014,771356.1,12885.092,7.2,14.3,59864.22914170888
IL,2015,799930.5,12859.585,6,13.6,62205.001172277334
IL,2016,807043.2,12821.709,5.9,13,62943.496845857284
IL,2017,824913.4,12779.893,4.9,12.5,64547.754820795446
IL,2018,865661,12724.685,4.4,12.1,68030.05339621374
IL,2019,889540.1,12667.017,4,11.4,70224.90772689419
IL,2020,856942.9,12785.245,9.2,11,67025.92715274521
IN,2000,203801.1,6091.866,3,8.8,33454.62621797656
IN,2001,205470.9,6127.76,4.2,9,33531.15983654712
IN,2002,212837.8,6155.967,5.2,9.6,34574.22692486818
IN,2003,225442.7,6196.638,5.3,10,36381.45394325117
IN,2004,239743.6,6233.007,5.4,11.1,38463.55378712073
IN,2005,248170.5,6278.616,5.4,12.2,39526.30643441166
IN,2006,259602.8,6332.669,5,12.5,40994.21586695909
IN,2007,273509.5,6379.599,4.6,12.3,42872.522238466714
IN,2008,275538.7,6424.806,5.9,12.9,42886.69572279693
IN,2009,263326.8,6459.325,10.5,14.4,40766.92224032697
IN,2010,282562.2,6490.555,10.1,15.3,43534.36647559416
IN,2011,291356.1,6517.25,8.9,15.8,44705.374199240476
IN,2012,300513.9,6538.989,8.2,15.5,45957.24201401777
IN,2013,312138.5,6570.575,7.5,15.8,47505.50750885577
IN,2014,327958.3,6596.019,5.9,15.2,49720.64210245604
IN,2015,331945.7,6611.442,4.8,14.4,50207.76103004458
IN,2016,340500.7,6637.898,4.4,14,51296.46463383439
IN,2017,352601,6662.068,3.5,13.3,52926.65880924662
IN,2018,373196.8,6698.481,3.4,13,55713.646123651015
IN,2019,381132.3,6731.01,3.3,11.9,56623.344787780734
IN,2020,373781.6,6785.644,7.2,11.6,55084.17476661021
IA,2000,93112,2929.067,2.7,8.3,31788.962150746298
IA,2001,94837.8,2931.997,3.3,8.2,32345.803900890758
IA,2002,98557,2934.234,4,9.1,33588.6640261138
IA,2003,105123.3,2941.999,4.4,9.1,35731.92920867751
IA,2004,117188.5,2953.635,4.5,10.5,39676.026320110635
IA,2005,123190.9,2964.454,4.3,10.8,41556.01672348432
IA,2006,127896.3,2982.644,3.7,11,42880.17611220113
IA,2007,137930.2,2999.212,3.7,11,45988.81306156417
IA,2008,137548.5,3016.734,4.1,11.4,45595.170140953764
IA,2009,136894.6,3032.87,6.4,11.8,45136.98246215631
IA,2010,142233.9,3050.819,6.1,12.5,46621.54654209247
IA,2011,148477.6,3066.772,5.6,12.7,48414.94574751563
IA,2012,158538.4,3076.844,5.1,12.7,51526.304226018605
IA,2013,162200.3,3093.935,4.7,12.6,52425.244874245895
IA,2014,173095.9,3110.643,4.2,12.3,55646.34064404047
IA,2015,180299.3,3122.541,3.7,12.1,57741.21140442991
IA,2016,181011.4,3133.21,3.6,11.7,57771.86974380906
IA,2017,184561.3,3143.734,3.1,10.8,58707.67055991378
IA,2018,191516.6,3149.9,2.5,11.2,60800.85082066098
IA,2019,195708.7,3159.596,2.6,11,61941.05195727555
IA,2020,196982.9,3188.669,5.1,10.2,61775.90085392996
KS,2000,86099,2693.681,3.8,8.9,31963.324536201577
KS,2001,88883.6,2702.162,4.3,9.5,32893.512676146
KS,2002,91584.2,2713.535,5.1,10,33750.88215187937
KS,2003,95359.9,2723.004,5.5,10.4,35020.110143062586
KS,2004,99083,2734.373,5.5,11.1,36236.09507554383
KS,2005,105526.3,2745.299,5.1,11.7,38438.90956868451
KS,2006,114091.9,2762.931,4.4,12.2,41293.79271505513
KS,2007,123878.7,2783.785,4.3,11.2,44500.09609219103
KS,2008,128604.3,2808.076,4.6,11.3,45798.01258940285
KS,2009,125348.9,2832.704,6.9,13.2,44250.61707824043
KS,2010,128591.3,2858.266,7,13.5,44989.269718073825
KS,2011,136358.9,2869.677,6.4,13.8,47517.15959670722
KS,2012,141818.2,2886.024,5.7,14,49139.64679434406
KS,2013,144483.2,2894.306,5.3,13.9,49919.80806452393
KS,2014,150183.6,2901.861,4.5,13.5,51754.2363331669
KS,2015,154958.2,2910.717,4.2,12.9,53237.12336170092
KS,2016,160451,2912.977,4,12.2,55081.4510378901
KS,2017,165182.5,2910.892,3.6,11.9,56746.35129025742
KS,2018,172343,2912.748,3.3,11.9,59168.524019242315
KS,2019,176564.4,2912.635,3.1,11.3,60620.160095583546
KS,2020,177580.9,2935.88,5.7,10.6,60486.429963077506
KY,2000,114169.2,4049.021,4.1,13.9,28196.741879086327
KY,2001,117647.9,4068.132,5.2,14.7,28919.391012877655
KY,2002,122435.3,4089.875,5.8,14.8,29936.196094012656
KY,2003,127982.2,4117.17,6.2,15,31084.99284702842
KY,2004,135529.3,4146.101,5.5,16.3,32688.37396869975
KY,2005,145011.1,4182.742,5.9,16.9,34668.90857719649
KY,2006,153408.4,4219.239,5.7,17,36359.25815058118
KY,2007,157163.7,4256.672,5.4,17.2,36921.731343171385
KY,2008,159883.8,4289.878,6.5,17.3,37270.01094203612
KY,2009,157479.8,4317.074,10.8,18.4,36478.364744268925
KY,2010,166408.7,4348.464,10.3,18.9,38268.38626236759
KY,2011,171586.9,4370.817,9.4,19.1,39257.39741563191
KY,2012,178143.7,4387.865,8.2,19.3,40599.1752253089
KY,2013,184524.4,4406.906,7.9,18.8,41871.64418755472
KY,2014,187983.8,4416.992,6.4,19,42559.23488201926
KY,2015,193413.1,4429.126,5.2,18.3,43668.457388658615
KY,2016,196484.9,4440.306,5,18.2,44250.306172592616
KY,2017,201872.2,4455.59,4.8,17.1,45307.62480389802
KY,2018,208558.6,4464.273,4.2,16.7,46717.259450754915
KY,2019,218494.7,4472.345,4.1,16,48854.616537856535
KY,2020,216865.6,4503.958,6.4,14.9,48150.00495120071
LA,2000,132640.8,4471.885,5.2,17.3,29661.048975991103
LA,2001,137901.2,4477.875,5.6,18.3,30796.125394299754
LA,2002,139800.9,4497.267,6,18.1,31085.74607645043
LA,2003,155092.4,4521.042,6.3,18.1,34304.5696102801
LA,2004,171006.1,4552.238,5.7,19.2,37565.28107713173
LA,2005,199594.7,4576.628,7.2,20.2,43611.73772480525
LA,2006,207773.8,4302.665,4.1,19.4,48289.560074976784
LA,2007,203041,4375.581,4.1,18.8,46403.20908240529
LA,2008,212392.4,4435.586,4.7,17.6,47883.72945536396
LA,2009,204906.9,4491.648,6.8,17.6,45619.53652645978
LA,2010,225308.9,4544.635,7.5,18.8,49576.89671447762
LA,2011,229945,4576.244,7.4,20.5,50247.539248344285
LA,2012,235384.7,4602.067,6.7,20.1,51147.60389190336
LA,2013,230832.5,4626.04,6.4,20,49898.50930817719
LA,2014,240737.3,4645.938,6.3,19.9,51816.72678369793
LA,2015,235113.5,4666.998,6.3,19.5,50377.887455704935
LA,2016,227090.7,4681.346,6.1,20.1,48509.70212413268
LA,2017,241213.4,4673.673,5.1,19.6,51611.09902211816
LA,2018,256677.8,4664.45,4.8,18.7,55028.524263310785
LA,2019,255481.9,4658.285,4.6,18.8,54844.62629487032
LA,2020,232527.8,4651.203,8.7,17.8,49993.044810127605
ME,2000,36890.3,1277.072,3.3,9.9,28886.62502975557
ME,2001,38605.7,1285.692,3.8,10.2,30027.17602660668
ME,2002,40466.2,1295.96,4.5,11,31224.883484058148
ME,2003,42315.2,1306.513,5.1,10.7,32387.89051467532
ME,2004,45210,1313.688,4.7,11.5,34414.56418875715
ME,2005,47078.5,1318.787,4.9,12.3,35698.33490927648
ME,2006,49045.4,1323.619,4.7,12.7,37054.01629925228
ME,2007,50459.3,1327.04,4.7,12.2,38023.9480347239
ME,2008,50713.2,1330.509,5.3,12.6,38115.63845114915
ME,2009,51123.8,1329.59,8.4,12.6,38450.80062274837
ME,2010,52256.2,1327.651,8.4,13.1,39359.892019815445
ME,2011,52575.5,1328.473,7.7,14.2,39575.88900941156
ME,2012,53679.7,1328.094,7.2,14.4,40418.59988826091
ME,2013,54470.1,1328.543,6.7,14,40999.87730920264
ME,2014,56410.8,1331.217,5.6,14,42375.36029062129
ME,2015,58131.3,1329.098,4.4,13.2,43737.40687293187
ME,2016,60254.4,1332.348,3.8,12.3,45224.22069909664
ME,2017,62253.6,1335.743,3.4,11.3,46605.97135826278
ME,2018,65477.1,1340.123,3.1,11.6,48859.02264195152
ME,2019,68690.4,1345.77,2.8,10.9,51041.70846429925
ME,2020,70740,1362.28,5,10.6,51927.650703232815
MD,2000,192021.4,5311.034,3.5,7.9,36155.18183464839
MD,2001,205981,5374.691,4.2,7.7,38324.24971035545
MD,2002,217837.1,5440.389,4.8,8.3,40040.721352829736
MD,2003,228959.3,5496.269,4.8,8.8,41657.22238121896
MD,2004,245124.5,5546.935,4.6,9.2,44190.98114544338
MD,2005,262100,5592.379,4.5,8.3,46867.3528743313
MD,2006,274145.3,5627.367,4.2,8,48716.442343284165
MD,2007,282965.6,5653.408,3.7,8.3,50052.21629148294
MD,2008,295400.2,5684.965,4.5,8.2,51961.65675602225
MD,2009,299102.7,5730.388,7.6,9.2,52195.88970240759
MD,2010,314728.3,5788.784,7.8,9.9,54368.637696621605
MD,2011,326281.2,5840.241,7.3,10.2,55867.76299128752
MD,2012,332523.5,5888.375,6.9,10.4,56471.18262678583
MD,2013,340577.6,5925.197,6.5,10.2,57479.540342709275
MD,2014,352761.3,5960.064,5.7,10.4,59187.502013401194
MD,2015,369728.1,5988.528,5,9.9,61739.39572462547
MD,2016,387733.4,6007.014,4.3,9.7,64546.77814967637
MD,2017,400157,6028.186,4,9.4,66380.99753391815
MD,2018,410812.2,6042.153,3.6,9.1,67991.02902558079
MD,2019,420371.3,6054.954,3.4,9.1,69426.01050313511
MD,2020,410931,6172.679,6.7,9,66572.5530195236
MA,2000,288791,6361.104,2.8,8.4,45399.509267573674
MA,2001,296868.7,6397.634,3.8,8.2,46402.88894300612
MA,2002,301836.4,6417.206,5.2,9,47035.48553685202
MA,2003,311188.6,6422.565,5.7,9.5,48452.38623509454
MA,2004,326737.1,6412.281,5.1,9.9,50954.89421003228
MA,2005,341993.2,6403.29,4.8,10.3,53408.98194521879
MA,2006,359270,6410.084,4.7,10,56047.627456988084
MA,2007,378519.1,6431.559,4.5,10,58853.397753173056
MA,2008,390778.4,6468.967,5.3,10.1,60408.16099386502
MA,2009,390504.8,6517.613,8.1,10.3,59915.30948523639
MA,2010,411136.1,6566.44,8.1,11.4,62611.719592351415
MA,2011,425523,6614.218,7.2,11.6,64334.58951610001
MA,2012,442916.9,6664.269,6.7,11.9,66461.43785612496
MA,2013,454321.2,6715.158,6.6,11.9,67656.07004332586
MA,2014,470468.5,6764.864,5.7,11.7,69545.89183167614
MA,2015,498851.3,6797.484,4.8,11.5,73387.6387204442
MA,2016,514637.6,6827.28,4,10.5,75379.5948020295
MA,2017,531008,6863.56,3.8,10.5,77366.26473725005
MA,2018,563054.3,6885.72,3.4,10,81771.3035092917
MA,2019,589904.3,6894.883,3.1,9.5,85556.82525722336
MA,2020,585150.3,7022.22,9.4,9.4,83328.39187607338
MI,2000,352152.4,9952.45,3.6,9.7,35383.48848775929
MI,2001,349885.8,9991.12,5.2,9.8,35019.67747359655
MI,2002,363660.8,10015.71,6.2,10.9,36309.03850051569
MI,2003,374174.2,10041.152,7.1,11,37264.07089545104
MI,2004,385621.1,10055.315,7,12.5,38349.977101662145
MI,2005,400268.9,10051.137,6.8,13.1,39823.24586760682
MI,2006,401869,10036.081,7,13.5,40042.42293381251
MI,2007,409615.4,10001.284,7.1,13.9,40956.28121349219
MI,2008,390420.9,9946.889,8.2,14.4,39250.55361530626
MI,2009,368733.8,9901.591,13.1,16.1,37239.85367604055
MI,2010,390043,9877.597,12.2,16.7,39487.640566830174
MI,2011,404554.7,9883.053,10,17.5,40934.18298981094
MI,2012,422691.2,9898.289,9,17.4,42703.46117394632
MI,2013,437274.4,9914.802,8.7,17,44103.19036123969
MI,2014,451773.2,9932.033,7.2,16.2,45486.47794464638
MI,2015,474983.3,9934.483,5.4,15.7,47811.577109749946
MI,2016,490264,9954.117,5,14.9,49252.38471679607
MI,2017,502130.4,9976.752,4.6,14.1,50330.04729394897
MI,2018,520245.1,9987.286,4.2,14,52090.73816450235
MI,2019,532217,9984.795,4.1,12.9,53302.746826549774
MI,2020,520105.3,10067.664,10,12.6,51660.971204442256
MN,2000,191515,4933.692,3,6.9,38817.7859501566
MN,2001,196006.1,4982.796,3.8,7.2,39336.569267535735
MN,2002,203713.8,5018.935,4.5,7.5,40589.04927041294
MN,2003,215721.8,5053.572,4.8,8,42686.99446648826
MN,2004,231267.1,5087.713,4.6,8.1,45456.00351277677
MN,2005,245380.5,5119.598,4.1,9.2,47929.64213205803
MN,2006,252295.9,5163.555,4.1,9.7,48860.89138200329
MN,2007,262063.1,5207.203,4.6,9.5,50327.03737495926
MN,2008,267420.6,5247.018,5.4,9.6,50966.205947835515
MN,2009,262088.9,5281.203,7.9,10.9,49626.74224035697
MN,2010,274231.3,5310.934,7.4,11.5,51635.23026269955
MN,2011,287039.3,5346.62,6.5,11.8,53686.12319558899
MN,2012,298328.3,5377.5,5.6,11.4,55477.136215713625
MN,2013,311126.4,5414.722,5,11.2,57459.34879020567
MN,2014,324751.4,5452.665,4.3,11.4,59558.28938693281
MN,2015,335530.2,5484.002,3.8,10.2,61183.45689881222
MN,2016,344060.8,5525.36,3.9,9.9,62269.390591744246
MN,2017,353664.9,5569.283,3.5,9.5,63502.77046434882
MN,2018,372011.3,5608.762,3.1,9.6,66326.81151384208
MN,2019,383956.6,5640.053,3.4,8.9,68076.77161899011
MN,2020,376814.4,5707.165,6.3,8.3,66024.79514785363
MS,2000,65673.1,2848.353,5.3,17.6,23056.517222408882
MS,2001,67174,2852.994,5.5,19,23545.08982493479
MS,2002,69259.9,2858.681,6.4,18.9,24227.921898246077
MS,2003,73961.9,2868.312,6.1,18.3,25785.862904732818
MS,2004,77998,2889.01,6.1,19.3,26998.17584570493
MS,2005,82448.5,2905.943,7.6,21,28372.373442975306
MS,2006,87099.5,2904.978,6.4,20.9,29982.84324356329
MS,2007,91191.4,2928.35,6.2,20.7,31140.881383714375
MS,2008,94514.5,2947.806,6.7,20.8,32062.6594830189
MS,2009,91792.2,2958.774,9.4,21.8,31023.728071153793
MS,2010,93943.1,2970.615,10.1,22.4,31624.12497075522
MS,2011,96218,2979.147,9.8,22.8,32297.164255405994
MS,2012,100448.4,2984.599,8.8,23.8,33655.57651128342
MS,2013,102371,2989.839,8.5,23.9,34239.636314865114
MS,2014,104300.3,2991.892,7.6,21.9,34860.98428686597
MS,2015,105914.6,2990.231,6.5,22.1,35420.20666630772
MS,2016,107291.4,2990.595,5.9,21,35876.27211307449
MS,2017,109600.8,2990.674,5.2,19.9,36647.524939194314
MS,2018,112201.7,2982.879,4.9,19.8,37615.236823216765
MS,2019,114234.4,2978.227,5.4,19.5,38356.512112743585
MS,2020,115123.4,2956.87,7.9,18.7,38934.2108378116
MO,2000,186650,5607.285,3.4,10.6,33287.05425174572
MO,2001,190657.1,5641.142,4.5,11,33797.606938453246
MO,2002,197557.7,5674.825,5.3,11.3,34813.00304414674
MO,2003,205588.5,5709.403,5.7,11.6,36008.75608185303
MO,2004,217084.2,5747.741,5.9,13,37768.61205123892
MO,2005,227971.3,5790.3,5.4,13.6,39371.24155915928
MO,2006,236386,5842.704,4.9,13.8,40458.322037193735
MO,2007,244331.3,5887.612,5.1,13.3,41499.21903821107
MO,2008,254045.8,5923.916,6.2,13.5,42884.774193287005
MO,2009,253317.7,5961.088,9,14.6,42495.212283395245
MO,2010,259816.1,5996.089,9.5,15.3,43330.92787648749
MO,2011,262067.1,6011.182,8.6,15.8,43596.60046892607
MO,2012,271535.1,6026.027,7.2,16.2,45060.38555751575
MO,2013,280571,6042.989,6.8,15.8,46429.17602530801
MO,2014,287507.5,6059.13,6.2,15.5,47450.294019108354
MO,2015,296929.3,6075.411,5.1,14.8,48873.94449527777
MO,2016,300914.5,6091.384,4.5,14,49400.0214072861
MO,2017,308002.3,6111.382,3.7,13.4,50398.1423514354
MO,2018,318153.5,6125.986,3.2,13.2,51935.068085366176
MO,2019,332485.8,6140.475,3.1,12.9,54146.59289387221
MO,2020,330249.9,6154.481,6.1,12.1,53660.073042714735
MT,2000,21876.7,903.773,4.8,13.3,24205.9676489561
MT,2001,22847.6,906.961,4.6,14,25191.38088627846
MT,2002,23942.1,911.667,4.6,14,26261.891677553314
MT,2003,25714.9,919.63,4.7,14.2,27962.223937888066
MT,2004,28160.5,930.009,4.5,13.6,30279.81449641885
MT,2005,30875.8,940.102,4.1,14.6,32843.03192632289
MT,2006,33166.1,952.692,3.3,14.4,34813.0350627485
MT,2007,36233.2,964.706,3.4,14.1,37558.800297707276
MT,2008,37224.9,976.415,4.7,14.1,38124.05585739671
MT,2009,36187.8,983.982,7.1,15,36776.89226022428
MT,2010,38336.1,990.73,7.2,15.2,38694.800803447964
MT,2011,40995.1,997.518,6.6,15.2,41097.10300967
MT,2012,42340.9,1004.168,5.8,15.6,42165.15563132862
MT,2013,43687.9,1014.158,5.4,16.1,43078.001652602456
MT,2014,45177.2,1022.657,4.7,15.2,44176.29762471679
MT,2015,46604.1,1031.495,4.3,14.4,45181.12060649834
MT,2016,45490.9,1042.137,4.3,13.4,43651.55445013468
MT,2017,48533.9,1053.862,4.1,12.7,46053.37321205243
MT,2018,50916.9,1061.818,3.7,12.9,47952.56814256304
MT,2019,51925.4,1070.123,3.6,12.6,48522.833356539384
MT,2020,52355.8,1086.193,5.8,12.4,48201.194447027374
NE,2000,56527.5,1713.82,2.8,8.9,32983.33547280345
NE,2001,59607.2,1719.836,3.1,9.3,34658.65349951972
NE,2002,61417.3,1728.292,3.7,10,35536.41398559966
NE,2003,66402.1,1738.643,3.9,9.9,38191.91173806239
NE,2004,70469.2,1749.37,3.9,10,40282.61602748418
NE,2005,74564.5,1761.497,3.8,11,42330.18847037492
NE,2006,78813.8,1772.693,3,11.3,44459.92622524036
NE,2007,83834.8,1783.44,2.9,11.1,47007.356569326694
NE,2008,85628,1796.378,3.2,10.8,47667.0277636444
NE,2009,86870.4,1812.683,4.7,12.2,47923.65791481467
NE,2010,91561.5,1829.591,4.7,12.6,50044.79143152759
NE,2011,99921.1,1840.914,4.4,12.9,54277.98365377199
NE,2012,102725.9,1853.691,3.9,12.8,55416.94921106053
NE,2013,107260.7,1865.813,3.7,12.9,57487.37949623032
NE,2014,111945.9,1879.955,3.3,12.3,59547.11681928557
NE,2015,116514.6,1892.059,3,12.2,61580.84922298935
NE,2016,118145.9,1906.483,3.1,11.3,61970.60241292474
NE,2017,121726.6,1916.998,3,10.7,63498.55346745276
NE,2018,127015.5,1925.512,2.9,11,65964.5330696459
NE,2019,131866.9,1932.571,3,9.9,68233.92258292192
NE,2020,134580.8,1961.455,4.1,9.2,68612.73901262073
NV,2000,76833.1,2018.741,4.1,9.4,38059.90961693452
NV,2001,80429.2,2098.399,5.2,9.3,38328.84022533369
NV,2002,85008.7,2173.791,5.7,10.1,39106.197421923265
NV,2003,90633.6,2248.85,5.3,11,40302.19890166085
NV,2004,103231,2346.222,4.4,11.1,43998.82023099263
NV,2005,116166.2,2432.143,4.1,11.1,47762.89880981505
NV,2006,125848.3,2522.658,4,10.5,49887.18248767768
NV,2007,131620.9,2601.072,4.6,10.6,50602.559252492814
NV,2008,130609.5,2653.63,6.9,11.2,49219.182779814815
NV,2009,122127.1,2684.665,11.7,12.4,45490.62918464688
NV,2010,124669.4,2702.483,13.8,14.8,46131.42802378404
NV,2011,127677.9,2713.114,13.3,15.8,47059.54117667005
NV,2012,129312.9,2744.67,11.6,16.2,47114.18859097815
NV,2013,132086.4,2776.956,10,15.8,47565.17568157364
NV,2014,136008.7,2818.935,8.2,15.4,48248.256877153966
NV,2015,145115.9,2868.531,6.8,14.9,50588.92513275959
NV,2016,151840.4,2919.555,5.8,14.1,52008.062872595314
NV,2017,160653.1,2972.097,5,13.3,54053.78761191172
NV,2018,170257.6,3030.725,4.4,13.1,56177.185326943225
NV,2019,182186.3,3090.771,4,12.7,58945.25993676011
NV,2020,172562.6,3114.071,13.5,12.5,55413.82967825718
NH,2000,45342,1239.882,2.7,5.6,36569.609043441225
NH,2001,46817.5,1255.517,3.4,6,37289.41941845471
NH,2002,49059.9,1269.089,4.5,6.3,38657.572479156304
NH,2003,51637.6,1279.84,4.5,6.4,40346.9183647956
NH,2004,54918.2,1290.121,3.8,6.6,42568.25522567262
NH,2005,56952.6,1298.492,3.6,7.6,43860.57056955299
NH,2006,60017,1308.389,3.5,8,45870.91453688467
NH,2007,61782.1,1312.54,3.5,7.3,47070.64165663523
NH,2008,61700.2,1315.906,3.7,7.8,46887.99959875554
NH,2009,62522.9,1316.102,6.1,8.6,47506.12034629535
NH,2010,64843.6,1316.807,6.1,8.6,49243.05536042867
NH,2011,66153.2,1320.444,5.5,9,50099.209053924285
NH,2012,68498.1,1324.677,5.4,9.7,51709.2846029636
NH,2013,70476.2,1327.272,5.3,9,53098.53594440326
NH,2014,72995.2,1334.257,4.3,9.2,54708.500686149666
NH,2015,76478,1337.48,3.4,8.4,57180.66812214014
NH,2016,79090.1,1343.694,2.9,7.6,58860.20180189836
NH,2017,80598,1350.395,2.8,7.7,59684.758903876274
NH,2018,83869.8,1355.064,2.6,7.6,61893.60797718779
NH,2019,87338.2,1360.783,2.6,7.5,64182.31268321253
NH,2020,88337.7,1377.848,6.7,7,64112.80489575047
NJ,2000,361005.4,8430.621,3.7,7.8,42820.73645583167
NJ,2001,373698,8492.671,4.2,7.8,44002.41102004305
NJ,2002,386132.5,8552.643,5.8,8.3,45147.73971040297
NJ,2003,400984.7,8601.402,5.8,8.9,46618.52800276048
NJ,2004,414848.6,8634.561,4.9,8.4,48045.1293354694
NJ,2005,435736.7,8651.974,4.4,8.7,50362.69179727077
NJ,2006,457593.1,8661.679,4.6,8.7,52829.60728514644
NJ,2007,474867.9,8677.885,4.2,8.5,54721.617076050214
NJ,2008,496227.2,8711.09,5.4,8.7,56964.99519577917
NJ,2009,482458.9,8755.602,9,9.4,55102.881560856695
NJ,2010,492762.4,8799.451,9.7,10.2,55999.220860483234
NJ,2011,495965.8,8828.552,9.4,10.4,56177.47961387099
NJ,2012,517195.9,8845.671,9.4,10.7,58468.814858703205
NJ,2013,534177.8,8857.821,8.4,11.4,60305.779491367015
NJ,2014,542842.8,8867.277,6.7,11.1,61218.65821942858
NJ,2015,563233.8,8870.312,5.7,10.8,63496.50384338229
NJ,2016,575501,8873.584,4.9,10.4,64855.53075285026
NJ,2017,587421,8888.147,4.5,10,66090.37856822123
NJ,2018,614106.5,8891.73,4,9.5,69064.90637929853
NJ,2019,637630.4,8891.258,3.4,9.1,71714.30634450154
NJ,2020,620085.9,9279.743,9.5,9.4,66821.45184408662
NM,2000,55105,1821.204,5,17.3,30257.456056542815
NM,2001,55789.7,1831.69,5,18,30458.046940257354
NM,2002,57808.3,1855.309,5.5,17.7,31158.31379031741
NM,2003,62651.1,1877.574,5.9,17.7,33368.11225549565
NM,2004,69956.6,1903.808,5.6,16.7,36745.617205096314
NM,2005,73911.4,1932.274,5.2,18.4,38250.993389136325
NM,2006,77610.4,1962.137,4.2,18.3,39554.01687038163
NM,2007,80799.8,1990.07,3.6,17.9,40601.486379876085
NM,2008,84688.4,2010.662,4.3,17,42119.66009204928
NM,2009,82461.5,2036.802,7.1,18.2,40485.77132190562
NM,2010,84611.5,2064.614,7.8,19.8,40981.75252129454
NM,2011,87062.8,2080.707,7.2,20.9,41842.89282441017
NM,2012,87925.2,2087.715,7,20.6,42115.518641193834
NM,2013,88756.9,2092.833,6.9,21.4,42409.92950703663
NM,2014,92185.7,2090.236,6.6,20.6,44103.01037777553
NM,2015,90274.3,2090.071,6.6,19.8,43191.97768879622
NM,2016,89769.4,2092.555,6.7,19.1,42899.42199846599
NM,2017,92273.6,2092.844,6.1,19,44090.05162353238
NM,2018,97268,2093.754,4.9,18.8,46456.26945667925
NM,2019,102027.5,2099.634,4.9,17.5,48592.99287399613
NM,2020,98790,2117.566,8.1,16.8,46652.61909191969
NY,2000,841181.3,19001.78,4.5,13.2,44268.55273558583
NY,2001,878346.5,19082.838,4.9,13.7,46028.08554995855
NY,2002,890258.1,19137.8,6.2,13.9,46518.309314550264
NY,2003,912474.6,19175.939,6.4,14.3,47584.35036740574
NY,2004,967151.9,19171.567,5.8,14.5,50447.20131640779
NY,2005,1016037.5,19132.61,5,13.9,53105.01285501559
NY,2006,1075154.6,19104.631,4.5,14.2,56277.171749614005
NY,2007,1119381.5,19132.335,4.4,13.8,58507.31235889399
NY,2008,1116591,19212.436,5.4,13.7,58118.137647927615
NY,2009,1160081.3,19307.066,8.4,14.2,60085.8411112284
NY,2010,1223529.7,19399.956,8.7,15,63068.684279490124
NY,2011,1247605.8,19499.921,8.3,16.1,63980.04381658778
NY,2012,1328233.5,19574.362,8.6,15.9,67855.77481401437
NY,2013,1365529,19626.488,7.8,16,69575.82018749355
NY,2014,1430923.3,19653.431,6.3,16,72807.8115215608
NY,2015,1487627.6,19657.321,5.2,15.5,75678.04381889068
NY,2016,1551354.1,19636.391,4.9,14.8,79004.03388789723
NY,2017,1604649.9,19593.849,4.6,14.1,81895.59386723864
NY,2018,1697661.4,19544.098,4.1,13.7,86863.12358851249
NY,2019,1787666,19463.131,3.8,13.1,91848.83973703922
NY,2020,1740804.7,20154.933,9.9,12.7,86371.14794675824
NC,2000,278008.5,8081.614,3.7,11.7,34400.121064925894
NC,2001,288069.5,8210.122,5.6,11.9,35087.115636040486
NC,2002,297846.4,8326.201,6.9,12.9,35772.18469743885
NC,2003,310388.9,8422.501,6.7,13.4,36852.34350224477
NC,2004,329878.9,8553.152,5.9,13.8,38568.10916022537
NC,2005,355469.7,8705.407,5.6,14.9,40833.20860242376
NC,2006,387525,8917.27,5.1,14.6,43457.80715398322
NC,2007,401490.9,9118.037,5.1,14.3,44032.602631465525
NC,2008,418793.4,9309.449,6.2,14.6,44985.841804386066
NC,2009,411155.8,9449.566,11,16.2,43510.5485267789
NC,2010,420027.6,9574.586,10.7,17.4,43869.00906211506
NC,2011,431722.7,9658.913,10.3,17.8,44696.82043931859
NC,2012,445095.3,9751.81,9.5,18,45642.326911619486
NC,2013,462268.9,9846.717,7.8,17.8,46946.500036509635
NC,2014,483191.3,9937.295,6.1,17.2,48624.026961059324
NC,2015,508928.7,10037.218,5.7,16.4,50704.159260065884
NC,2016,526029.8,10161.802,5.1,15.4,51765.40538774521
NC,2017,548522.1,10275.758,4.5,14.7,53380.20805861719
NC,2018,567836.2,10391.358,4,14.1,54645.042544006275
NC,2019,594521,10501.384,3.8,13.6,56613.585409313666
NC,2020,598915.9,10457.177,7.1,12.9,57273.19141676573
ND,2000,18100.1,642.023,3,10.4,28192.292176448504
ND,2001,18889.1,639.062,2.8,11.4,29557.539018123436
ND,2002,20194.7,638.168,3.4,11.1,31644.80199571273
ND,2003,22061.1,638.817,3.5,10.5,34534.303251165824
ND,2004,23259,644.705,3.4,10.8,36076.96543380305
ND,2005,24700,646.089,3.3,11.6,38230.02713248484
ND,2006,26500.7,649.422,3.1,11.7,40806.59417143244
ND,2007,29075.4,652.822,3,11.8,44538.02108384828
ND,2008,31874.4,657.569,3.1,11.5,48473.08799532825
ND,2009,32226,664.968,3.9,11.7,48462.482405168375
ND,2010,35676.2,674.752,3.7,12.5,52873.055581902685
ND,2011,41587.7,685.526,3.3,12,60665.386870811606
ND,2012,51832.6,702.227,2.9,11.2,73811.74463528175
ND,2013,54271,723.149,2.9,11.6,75048.15743366857
ND,2014,59926.3,738.736,2.6,11.1,81120.04829871564
ND,2015,55996.9,755.537,2.8,10.7,74115.36430379981
ND,2016,51989.2,756.114,3.1,10.5,68758.41473640218
ND,2017,55394.7,756.755,2.6,10.2,73200.30921500352
ND,2018,59248.7,760.062,2.4,10.6,77952.4565101268
ND,2019,59199.2,763.724,2.1,10.5,77513.86626582376
ND,2020,54422.9,778.962,5.1,10.2,69865.92414007359
OH,2000,392277.2,11363.543,4.1,9.8,34520.677221884056
OH,2001,396944.5,11387.404,4.4,10.3,34858.208244829104
OH,2002,411034.5,11407.889,5.8,10.2,36030.724001609764
OH,2003,423780.2,11434.788,6.2,10.7,37060.60838207057
OH,2004,446225.3,11452.251,6.3,11.7,38963.98184077523
OH,2005,468891.6,11463.32,5.9,13,40903.64745989818
OH,2006,482738.1,11481.213,5.4,13.2,42045.914486561654
OH,2007,497761.5,11500.468,5.6,13.1,43281.8473126485
OH,2008,496919.4,11515.391,6.6,13.3,43152.629380973696
OH,2009,482281.1,11528.896,10.2,15.1,41832.374929915226
OH,2010,500515.3,11539.449,10.3,15.8,43374.28069572472
OH,2011,528189.9,11545.735,8.8,16.3,45747.620225130755
OH,2012,545740.1,11550.971,7.4,16.2,47246.25315049271
OH,2013,566532.4,11579.692,7.5,15.9,48924.651881932616
OH,2014,595640.9,11606.573,5.8,15.8,51319.27400103373
OH,2015,611019.5,11622.315,5,14.8,52572.95986212729
OH,2016,623265.3,11640.06,5,14.5,53544.8528615832
OH,2017,645636.8,11665.706,5,13.9,55344.854396296294
OH,2018,667115.6,11680.892,4.5,13.8,57111.70003112776
OH,2019,697166.8,11696.507,4.2,13,59604.7007880216
OH,2020,684382.5,11790.587,8.2,12.6,58044.8199907265
OK,2000,91093.9,3454.365,3,13.8,26370.66436233577
OK,2001,97059.6,3467.1,3.6,14.4,27994.462230682708
OK,2002,99479.2,3489.08,4.6,14.5,28511.584715741683
OK,2003,105713.5,3504.892,5.4,14.7,30161.699704299022
OK,2004,113873.8,3525.233,4.7,14,32302.488941865682
OK,2005,125081.6,3548.597,4.3,16.4,35248.18400060644
OK,2006,137436.5,3594.09,3.9,16.7,38239.58220300549
OK,2007,145752.1,3634.349,4,15.8,40104.04614416502
OK,2008,160763.7,3668.976,3.6,15.7,43817.048680612796
OK,2009,146633,3717.572,6.6,16.1,39443.217239639205
OK,2010,154287.4,3760.014,6.5,16.8,41033.730193557785
OK,2011,166235.8,3788.824,5.6,17.3,43875.30273245735
OK,2012,174874.4,3819.32,5.1,17.2,45786.78927138862
OK,2013,182694.7,3853.891,5.1,16.7,47405.258737208715
OK,2014,196631.6,3879.187,4.3,16.6,50688.86856962555
OK,2015,186815.6,3910.518,4.3,16,47772.59687846981
OK,2016,181244.4,3928.143,4.6,16.1,46139.96995526894
OK,2017,190553,3933.602,4,15.8,48442.36910597463
OK,2018,202712.5,3943.488,3.3,15.5,51404.365881169164
OK,2019,204192.5,3960.676,3.1,15.1,51554.96182974826
OK,2020,190063.6,3962.031,6.2,14.3,47971.25514666594
OR,2000,117154.6,3429.708,5.2,10.6,34158.76803506304
OR,2001,116963.6,3467.937,6.4,11.1,33727.14094863892
OR,2002,120665.5,3513.424,7.5,11.3,34344.132675134
OR,2003,126671.5,3547.376,8,12,35708.50679488162
OR,2004,135646.8,3569.463,7.4,12.9,38002.01879106184
OR,2005,143507.8,3613.202,6.2,14.1,39717.62442288031
OR,2006,153593.1,3670.883,5.4,13.4,41840.914025317616
OR,2007,159585.2,3722.417,5.2,13,42871.392431315464
OR,2008,164925.4,3768.748,6.2,13.5,43761.32338909367
OR,2009,159607.3,3808.6,10.8,14.3,41907.078716588774
OR,2010,164137.2,3837.614,10.7,15.8,42770.63821426543
OR,2011,170630.9,3872.672,9.6,17.3,44060.250906867404
OR,2012,174611,3900.102,8.8,17,44770.8803513344
OR,2013,179527.7,3924.11,7.8,16.5,45749.91526741096
OR,2014,188120.7,3965.447,6.7,16.4,47439.973349788816
OR,2015,200659.6,4018.542,5.5,15.2,49933.43356869233
OR,2016,211305.9,4093.271,4.7,13.4,51622.748652605704
OR,2017,222601.6,4147.294,4.1,13.2,53673.937753146995
OR,2018,237113.7,4183.538,4,12.5,56677.79281555469
OR,2019,247233.1,4216.116,3.7,11.5,58640.013699812815
OR,2020,247966.7,4241.544,7.6,11,58461.42348163782
PA,2000,409159.9,12284.173,4.2,9.5,33307.89138186185
PA,2001,427108.6,12298.97,4.8,10,34727.18447154518
PA,2002,440971.7,12331.031,5.6,10,35761.137896741966
PA,2003,460270.6,12374.658,5.7,10.6,37194.61176219981
PA,2004,487306.1,12410.722,5.4,11.2,39264.92753604504
PA,2005,511731.4,12449.99,5,11.9,41102.95670920218
PA,2006,531274.1,12510.809,4.7,12,42465.2074857829
PA,2007,565831.8,12563.937,4.6,11.6,45036.18571153295
PA,2008,588024.6,12612.285,5.3,12.1,46623.16146519048
PA,2009,582144.8,12666.858,8,12.5,45958.1057907178
PA,2010,604736.8,12711.406,8.2,13.4,47574.34386093875
PA,2011,624819.7,12747.052,7.8,13.7,49016.800119745334
PA,2012,647925.9,12769.123,7.7,13.7,50741.61318674745
PA,2013,668569.1,12779.538,7.1,13.7,52315.592316404545
PA,2014,694142.6,12792.392,5.9,13.6,54262.14268605902
PA,2015,714202.9,12789.838,5.4,13.1,55841.4344263
PA,2016,726561.9,12788.468,5.3,12.9,56813.8341512056
PA,2017,746441,12794.679,5,12.5,58339.9552267001
PA,2018,773977.4,12809.107,4.5,12.2,60423.9936476446
PA,2019,799888.8,12798.883,4.5,12,62496.766319373346
PA,2020,771613.2,12989.625,9.1,10.9,59402.26911862352
RI,2000,34466.8,1050.268,4,10.2,32817.1476232733
RI,2001,35862.8,1057.142,4.5,10.2,33924.29777645766
RI,2002,37809.2,1065.995,5.1,11,35468.45904530509
RI,2003,39638,1071.342,5.6,11.3,36998.45614192293
RI,2004,42363.9,1074.579,5.3,11.6,39423.71849812811
RI,2005,44374.1,1067.916,5.1,11.9,41552.05091037123
RI,2006,47204.4,1063.096,5.2,11.5,44402.76324997931
RI,2007,47340.8,1057.315,5.1,11.9,44774.546847439036
RI,2008,47277.5,1055.003,7.6,12.1,44812.66877914091
RI,2009,47702.2,1053.646,11.4,12,45273.45996663016
RI,2010,49468.3,1053.994,11.6,14.1,46934.138144998935
RI,2011,50206.1,1053.829,11,14.7,47641.60029758149
RI,2012,51583,1054.893,10.2,14.2,48898.79826674364
RI,2013,53034.1,1055.56,9.5,14.7,50242.62003107356
RI,2014,54559.7,1056.511,7.8,14.8,51641.393227330336
RI,2015,56390.8,1056.886,6,14.1,53355.612620471846
RI,2016,57353.5,1057.816,5.2,13.3,54218.786632079675
RI,2017,58085,1056.554,4.5,12.3,54975.8933286893
RI,2018,59290.8,1059.338,4.1,12.8,55969.67162510927
RI,2019,61642.8,1058.158,3.6,11.6,58254.81638847886
RI,2020,60770.6,1096.229,9.2,10.6,55436.04484099581
SC,2000,115320.6,4024.223,3.7,12.8,28656.612717535783
SC,2001,119478.1,4064.995,5.3,13.8,29391.942671516204
SC,2002,124863.9,4107.795,6.4,14,30396.81873121711
SC,2003,131566.5,4150.297,7.2,13.8,31700.50239778021
SC,2004,136982,4210.921,7.4,15,32530.175702655073
SC,2005,145403.6,4270.15,7.3,15.6,34051.16916267579
SC,2006,153647.7,4357.847,6.9,15.7,35257.708680456206
SC,2007,162746.3,4444.11,6.1,15.1,36620.67320565873
SC,2008,163886.2,4528.996,7.3,15.7,36185.9891243004
SC,2009,161813.5,4589.872,11.4,17.1,35254.468969940775
SC,2010,165860,4635.846,11.3,18.1,35777.719967401856
SC,2011,172075.1,4672.655,10.4,18.8,36825.980090548095
SC,2012,177618.1,4719.027,9,18.3,37638.712387108615
SC,2013,185009.1,4766.469,7.4,18.5,38814.70749101694
SC,2014,194352.7,4826.858,6.3,17.9,40264.84723602807
SC,2015,205816.7,4896.006,5.9,16.8,42037.6731564463
SC,2016,215120.2,4963.031,4.9,15.3,43344.520717279425
SC,2017,223266.7,5027.102,4.2,15.4,44412.60591092045
SC,2018,233251.4,5091.702,3.4,15.2,45810.10436195991
SC,2019,245987.2,5157.702,2.8,13.9,47693.1780858995
SC,2020,245359.5,5130.729,6,13.8,47821.56687675377
SD,2000,22743.3,755.844,2.5,11.4,30089.939193801893
SD,2001,23412.1,757.972,3,11.7,30887.81643649106
SD,2002,26322.1,760.02,3.2,12.4,34633.430699192126
SD,2003,27216.1,763.729,3.5,12.3,35635.807989483175
SD,2004,29271.3,770.396,3.6,12.9,37995.13496954813
SD,2005,30997.4,775.493,3.6,13.6,39971.21830886933
SD,2006,32364.5,783.033,3,13.6,41332.22993156099
SD,2007,35073,791.623,2.8,13.2,44305.18062259434
SD,2008,36603,799.124,3.1,12.7,45803.905276277525
SD,2009,36432.9,807.067,4.6,14.2,45142.34877649563
SD,2010,37852.5,816.193,4.9,14.6,46376.898601188695
SD,2011,41892.1,823.74,4.6,14.1,50855.97397236992
SD,2012,43901.5,833.859,4.1,13.6,52648.58926988855
SD,2013,45361,842.751,3.7,14,53824.91388322292
SD,2014,46785.4,849.67,3.3,14.1,55063.024468323
SD,2015,48070.2,854.663,3,13.5,56244.62507444454
SD,2016,49151.4,863.693,3,12.9,56908.4153744444
SD,2017,50232.5,873.732,3.1,12.8,57491.88538361878
SD,2018,52299.3,879.386,2.8,12.9,59472.51832528606
SD,2019,54001.3,887.127,2.8,11.9,60872.11864817552
SD,2020,55681.2,887.099,4.3,11.6,62767.74069185062
TN,2000,182247.2,5703.719,3.9,12.6,31952.345478450115
TN,2001,186441.3,5750.789,4.5,13.2,32420.125308022954
TN,2002,195764.3,5795.918,5.1,13.6,33776.23699990234
TN,2003,205126.4,5847.812,5.5,13.5,35077.46145053911
TN,2004,219327.9,5910.809,5.3,15,37106.24044864247
TN,2005,231633.5,5991.057,5.5,15.6,38663.210849103925
TN,2006,243583.9,6088.766,5.3,16.1,40005.462519006316
TN,2007,248692.4,6175.727,4.6,15.8,40269.33185356153
TN,2008,254242,6247.411,6.5,15.5,40695.577736121406
TN,2009,252332.8,6306.019,10.1,17.2,40014.595579239445
TN,2010,257776,6355.518,9.8,17.8,40559.40050834566
TN,2011,269814.2,6400.298,9.1,18.4,42156.50583769693
TN,2012,286341.5,6455.752,8,18,44354.47644209381
TN,2013,295862.7,6496.943,7.8,17.8,45538.75568863695
TN,2014,306153.1,6544.617,6.6,18.2,46779.376088776466
TN,2015,325294,6595.354,5.6,16.7,49321.689176956985
TN,2016,336413.9,6651.277,4.7,15.8,50578.8437318127
TN,2017,350838.7,6714.748,3.7,15,52248.974942916706
TN,2018,363055.5,6778.18,3.5,15.2,53562.386953429974
TN,2019,380128.5,6830.325,3.4,13.8,55653.06189676187
TN,2020,379007.1,6920.119,7.4,13.6,54768.87030410893
TX,2000,738677,20944.499,4.4,14.6,35268.30601199866
TX,2001,773375.5,21319.622,5,15,36275.29137242677
TX,2002,789817.6,21690.325,6.3,15.4,36413.35941254914
TX,2003,833342.3,22030.931,6.7,16.2,37826.01379850902
TX,2004,913444.4,22394.023,6,16.2,40789.65177449358
TX,2005,995252.4,22778.123,5.5,17.5,43693.345584269606
TX,2006,1103197.6,23359.58,5,16.9,47226.77376904893
TX,2007,1191093.1,23831.983,4.4,16.3,49978.76592980114
TX,2008,1244294.9,24309.039,4.9,15.8,51186.51132198191
TX,2009,1169607.7,24801.761,7.5,17.1,47158.25219023762
TX,2010,1245959.4,25241.897,8.2,17.9,49360.76714044114
TX,2011,1341334.4,25645.504,8,18.5,52302.90658354774
TX,2012,1421180.1,26084.12,6.7,17.9,54484.4947807325
TX,2013,1515195.6,26479.646,6.3,17.5,57221.14260893065
TX,2014,1579299.5,26963.092,5.2,17.2,58572.640704560145
TX,2015,1573498.4,27468.531,4.5,15.9,57283.674907842724
TX,2016,1579014.9,27914.064,4.6,15.6,56567.00149430051
TX,2017,1673234.3,28291.024,4.3,14.7,59143.645701901776
TX,2018,1809396.7,28624.564,3.9,14.9,63211.32786511613
TX,2019,1858757.8,28986.794,3.5,13.6,64124.29743006419
TX,2020,1789933.4,29217.653,7.7,13.4,61262.052773369585
UT,2000,70295.9,2244.502,3.3,8.8,31319.15231084668
UT,2001,73057.6,2283.715,4.4,9.4,31990.68184953026
UT,2002,75796.9,2324.815,5.7,9.7,32603.411454244742
UT,2003,78945.4,2360.137,5.6,10,33449.49890620756
UT,2004,86081.9,2401.58,5,10.3,35843.86112475953
UT,2005,95355.1,2457.719,4,10.5,38798.21086137187
UT,2006,106537.3,2525.507,2.8,10.7,42184.51978157257
UT,2007,114813.4,2597.746,2.6,9.8,44197.31567289488
UT,2008,117178.9,2663.029,3.3,9.7,44002.111880869496
UT,2009,113985.4,2723.421,7.3,11.7,41853.75672729262
UT,2010,118669.8,2775.413,7.9,13.3,42757.528339025586
UT,2011,125565,2814.797,7.1,13.6,44608.900748437634
UT,2012,129512.5,2854.146,4.8,13,45376.97090478202
UT,2013,135450.4,2898.773,4.2,12.6,46726.80475497736
UT,2014,142150.1,2938.327,3.6,11.8,48377.90348044993
UT,2015,149153.4,2983.626,3.5,11.2,49990.648962034786
UT,2016,157827.3,3044.241,3.3,10.2,51844.54844409492
UT,2017,168649.9,3103.54,3.1,9.7,54341.13947298891
UT,2018,184457.5,3155.153,2.9,9.1,58462.299609559355
UT,2019,196538.9,3203.383,2.6,8.8,61353.54405014949
UT,2020,202133.4,3281.684,4.7,7.3,61594.41311229234
VT,2000,18341.1,609.618,2.8,8.8,30086.21792663602
VT,2001,19323.2,612.223,3.3,8.9,31562.35554691673
VT,2002,20273,615.442,3.8,9.3,32940.553293405384
VT,2003,21293.2,617.858,4.4,9.2,34462.934849107725
VT,2004,22938.2,619.92,3.7,8.7,37001.871209188284
VT,2005,23608.6,621.215,3.5,10.4,38003.91168918973
VT,2006,24331.5,622.892,3.7,10.2,39062.148815525
VT,2007,24797.7,623.481,3.9,10.1,39772.98426094781
VT,2008,25999.3,624.151,4.5,10.4,41655.46478336172
VT,2009,26099.2,624.817,6.2,11.5,41770.95053431645
VT,2010,27406.6,625.886,6.3,12.4,43788.485443035956
VT,2011,28418.7,627.197,5.6,11.9,45310.64402412639
VT,2012,29241.3,626.361,4.8,11.9,46684.420006992776
VT,2013,29289.6,626.603,4.4,12.3,46743.47234213689
VT,2014,30099.4,625.693,4,12,48105.70039939715
VT,2015,30933.3,625.81,3.5,10.4,49429.21973122833
VT,2016,31661.2,624.366,3.1,11.3,50709.359574352224
VT,2017,32266.1,625.132,3,10.8,51614.8589417915
VT,2018,33066.8,624.802,2.6,10.7,52923.64621111969
VT,2019,34230.8,624.046,2.3,10.1,54853.00763084773
VT,2020,34018.6,642.495,5.6,9.4,52947.64939804979
VA,2000,268470.9,7105.817,2.3,8.9,37781.8483082241
VA,2001,285635.9,7198.362,3.3,8.8,39680.68013250792
VA,2002,295355.7,7286.873,4.4,9.6,40532.571378697015
VA,2003,311665.7,7366.977,4.3,10,42305.77888325157
VA,2004,332115.1,7475.575,4.1,9.5,44426.69627419964
VA,2005,358069.7,7577.105,3.8,10,47256.79530638681
VA,2006,376235.7,7673.725,3.3,9.6,49029.08300727482
VA,2007,391699.8,7751,3.3,9.9,50535.38898206683
VA,2008,404634.9,7833.496,4.3,10.2,51654.44649489832
VA,2009,410967.4,7925.937,6.8,10.6,51850.954656843736
VA,2010,426992.4,8024.004,7.3,11.1,53214.380252053714
VA,2011,435180.3,8102.437,6.6,11.6,53709.8036060015
VA,2012,445973.6,8187.456,5.9,11.8,54470.35074142688
VA,2013,457640.5,8255.861,5.6,11.7,55432.19538216547
VA,2014,465181.8,8315.43,5.1,11.8,55942.00179665994
VA,2015,483786.5,8367.303,4.4,11.2,57818.69020400002
VA,2016,496021.1,8417.651,4,11,58926.30853904492
VA,2017,511114.9,8471.011,3.7,10.7,60336.94207220366
VA,2018,532906.5,8510.92,3,10.7,62614.44121199588
VA,2019,557764.4,8556.642,2.8,9.9,65184.96391458238
VA,2020,556992.6,8632.044,6.2,9.2,64526.15394453504
WA,2000,237378.2,5910.512,5.1,9.6,40162.03672372208
WA,2001,238418.6,5985.722,6,9.9,39831.218355947705
WA,2002,245978.5,6052.349,7.1,10.3,40641.82353000463
WA,2003,255370.2,6104.115,7.2,11,41835.74523088114
WA,2004,268378.3,6178.645,6.3,11.6,43436.43306906287
WA,2005,293676,6257.305,5.6,12,46933.30435387119
WA,2006,314265.2,6370.753,5,11.8,49329.364990292364
WA,2007,342024.2,6461.587,4.6,11.4,52931.91904713192
WA,2008,354794.1,6562.231,5.2,11.3,54066.07905146893
WA,2009,351245,6667.426,8.3,12.3,52680.74966261342
WA,2010,365497.8,6743.009,9.1,13.5,54203.96146586783
WA,2011,379574.9,6827.479,8.5,13.9,55595.17649193795
WA,2012,400530.6,6898.599,7.7,13.6,58059.70168725563
WA,2013,419092.4,6966.252,6.6,14.1,60160.3846659581
WA,2014,440648,7057.531,5.9,13.2,62436.565988870614
WA,2015,466689.7,7167.287,5.4,12.2,65113.856888945564
WA,2016,487275.1,7299.961,5.2,11.3,66750.37031019754
WA,2017,519409.6,7427.951,4.6,11,69926.36327299412
WA,2018,564313.9,7526.793,4.4,10.3,74974.01615801046
WA,2019,595231.8,7614.024,4.3,9.8,78175.71891026349
WA,2020,612969.1,7718.785,8.5,9.5,79412.64072000969
WV,2000,42495.6,1807.021,5.6,15.5,23516.93754527479
WV,2001,43973.3,1801.481,5.4,16.7,24409.527494322727
WV,2002,45580.8,1805.414,6.5,16.1,25246.73011287162
WV,2003,47039.9,1812.295,6.6,16.3,25955.983987154406
WV,2004,49741.4,1816.438,5.8,16.2,27384.03402703533
WV,2005,53492.5,1820.492,5.5,18,29383.540273728202
WV,2006,57010,1827.912,5.2,17.6,31188.591135678304
WV,2007,59273.5,1834.052,4.8,17.1,32318.331214164045
WV,2008,62694.8,1840.31,4.7,17.4,34067.521232835774
WV,2009,63600.7,1847.775,8.3,17.8,34420.153968962666
WV,2010,65998.7,1854.265,8.7,18.2,35592.91687002666
WV,2011,69234.1,1856.606,7.8,18.7,37290.67987499772
WV,2012,70322.2,1857.446,7.2,18,37859.62014508093
WV,2013,71481.5,1854.768,6.7,18.4,38539.32135986819
WV,2014,72648.2,1850.569,6.5,18.3,39257.22304869475
WV,2015,71318.5,1843.332,6.6,18,38689.99181916225
WV,2016,70924.4,1832.435,6.1,17.9,38705.00181452548
WV,2017,74820.1,1818.683,5.2,18.5,41139.71483760502
WV,2018,79192.9,1805.953,5.2,17.4,43851.03045317347
WV,2019,79325.6,1795.263,4.9,16.2,44186.06076101385
WV,2020,76547.9,1789.798,8.2,15.8,42769.016391793935
WI,2000,180427.3,5373.999,3.4,8.1,33574.12236213665
WI,2001,188163.1,5406.835,4.4,8.1,34800.969513587894
WI,2002,194658.8,5445.162,5.3,8.5,35748.94557774405
WI,2003,203339.2,5479.203,5.6,8.9,37111.090791854214
WI,2004,215537.1,5514.026,5,10.9,39088.87988558632
WI,2005,227297,5546.166,4.8,10.2,40982.72572440132
WI,2006,237569.3,5577.655,4.7,10.9,42593.04313371838
WI,2007,245839.5,5610.775,4.8,10.8,43815.60479612888
WI,2008,246814.5,5640.996,4.9,10.5,43753.70945130966
WI,2009,247210,5669.264,9,12.4,43605.307496705034
WI,2010,256432.9,5690.538,8.5,13.2,45063.03270446485
WI,2011,266364.4,5705.84,7.6,13.1,46682.767129817876
WI,2012,277107.1,5720.825,6.9,13.2,48438.31090795471
WI,2013,284270.9,5738.012,6.7,13.5,49541.70538507066
WI,2014,295696,5753.199,5.3,13.2,51396.796808175764
WI,2015,307507.9,5762.927,4.4,12.1,53359.67295785632
WI,2016,314073.3,5775.17,3.9,11.8,54383.386116772315
WI,2017,318310.4,5793.147,3.3,11.3,54946.02501887144
WI,2018,332498.6,5809.319,3,11.1,57235.38335560501
WI,2019,345236.4,5824.581,3.2,10.4,59272.31503862682
WI,2020,340591.1,5892.323,6.3,10,57802.516936019965
WY,2000,17152.5,494.3,3.8,10.4,34700.586688246
WY,2001,18708.3,494.657,3.8,10.5,37820.75256187621
WY,2002,19165.6,500.017,4,10.6,38329.89678350936
WY,2003,21193.6,503.453,4.3,10.8,42096.48169739777
WY,2004,23429.4,509.106,3.8,10.3,46020.67153009393
WY,2005,27576.3,514.157,3.6,10.6,53634.00673335187
WY,2006,32740.3,522.667,3,10.3,62640.84015252541
WY,2007,36950.8,534.876,2.6,9.5,69082.92763182496
WY,2008,42819.3,546.043,2.9,9.5,78417.4506403342
WY,2009,36252,559.851,6.3,10.2,64752.94319381406
WY,2010,37680.7,564.531,6.9,11.4,66746.91026710668
WY,2011,39751.4,567.491,6.2,11.3,70047.63071132406
WY,2012,38855.4,576.656,5.5,11.9,67380.55270386505
WY,2013,39289.8,582.62,4.8,10.9,67436.4079502935
WY,2014,40310.6,583.159,4.3,11.2,69124.54407803017
WY,2015,38426.9,586.389,4.2,10.6,65531.41344738732
WY,2016,35879,585.243,5.4,10.9,61306.158296639165
WY,2017,36980.7,579.994,4.3,10.8,63760.48717745355
WY,2018,39171.7,579.054,4.1,10.7,67647.74960539085
WY,2019,39428,580.116,3.7,9.9,67965.7172013873
WY,2020,36330.4,577.267,5.8,9.2,62935.17557733249
