year,state,pct,sex,median_wage,STATEFP,NAME,region,value
2000,AK,0.6500541711809318,Female,600,02,Alaska,alaska,0.6500541711809318
2000,AL,0.6382978723404256,Female,420,01,Alabama,alabama,0.6382978723404256
2000,AR,0.6666666666666666,Female,384,05,Arkansas,arkansas,0.6666666666666666
2000,AZ,0.6839945280437757,Female,500,04,Arizona,arizona,0.6839945280437757
2000,CA,0.7027501462843768,Female,600.5,06,California,california,0.7027501462843768
2000,CO,0.6836795252225519,Female,576,08,Colorado,colorado,0.6836795252225519
2000,CT,0.6500541711809318,Female,600,09,Connecticut,connecticut,0.6500541711809318
2000,DC,0.712630359212051,Female,615,11,District of Columbia,district of columbia,0.712630359212051
2000,DE,0.7333333333333333,Female,550,10,Delaware,delaware,0.7333333333333333
2000,FL,0.6530612244897959,Female,480,12,Florida,florida,0.6530612244897959
2000,GA,0.7132243684992571,Female,480,13,Georgia,georgia,0.7132243684992571
2000,HI,0.7386759581881533,Female,530,15,Hawaii,hawaii,0.7386759581881533
2000,IA,0.6802244039270687,Female,485,19,Iowa,iowa,0.6802244039270687
2000,ID,0.709375,Female,454,16,Idaho,idaho,0.709375
2000,IL,0.6552941176470588,Female,557,17,Illinois,illinois,0.6552941176470588
2000,IN,0.6417112299465241,Female,480,18,Indiana,indiana,0.6417112299465241
2000,KS,0.6361111111111111,Female,458,20,Kansas,kansas,0.6361111111111111
2000,KY,0.7203125,Female,461,21,Kentucky,kentucky,0.7203125
2000,LA,0.656322730799069,Female,423,22,Louisiana,louisiana,0.656322730799069
2000,MA,0.7092198581560284,Female,600,25,Massachusetts,massachusetts,0.7092198581560284
2000,MD,0.7389162561576355,Female,600,24,Maryland,maryland,0.7389162561576355
2000,ME,0.6616541353383458,Female,440,23,Maine,maine,0.6616541353383458
2000,MI,0.660122699386503,Female,538,26,Michigan,michigan,0.660122699386503
2000,MN,0.6842105263157895,Female,572,27,Minnesota,minnesota,0.6842105263157895
2000,MO,0.6694444444444444,Female,482,29,Missouri,missouri,0.6694444444444444
2000,MS,0.68,Female,408,28,Mississippi,mississippi,0.68
2000,MT,0.6991666666666667,Female,419.5,30,Montana,montana,0.6991666666666667
2000,NC,0.7384615384615385,Female,480,37,North Carolina,north carolina,0.7384615384615385
2000,ND,0.6916666666666667,Female,415,38,North Dakota,north dakota,0.6916666666666667
2000,NE,0.6128571428571429,Female,429,31,Nebraska,nebraska,0.6128571428571429
2000,NH,0.639225181598063,Female,528,33,New Hampshire,new hampshire,0.639225181598063
2000,NJ,0.6684782608695652,Female,615,34,New Jersey,new jersey,0.6684782608695652
2000,NM,0.6849925705794948,Female,461,35,New Mexico,new mexico,0.6849925705794948
2000,NV,0.7142857142857143,Female,500,32,Nevada,nevada,0.7142857142857143
2000,NY,0.6875,Female,550,36,New York,new york,0.6875
2000,OH,0.6501950585175552,Female,500,39,Ohio,ohio,0.6501950585175552
2000,OK,0.6515151515151515,Female,430,40,Oklahoma,oklahoma,0.6515151515151515
2000,OR,0.6733333333333333,Female,505,41,Oregon,oregon,0.6733333333333333
2000,PA,0.6527958387516255,Female,502,42,Pennsylvania,pennsylvania,0.6527958387516255
2000,RI,0.6896120150187734,Female,551,44,Rhode Island,rhode island,0.6896120150187734
2000,SC,0.6628242074927954,Female,460,45,South Carolina,south carolina,0.6628242074927954
2000,SD,0.6609375,Female,423,46,South Dakota,south dakota,0.6609375
2000,TN,0.7042471042471042,Female,456,47,Tennessee,tennessee,0.7042471042471042
2000,TX,0.6666666666666666,Female,484,48,Texas,texas,0.6666666666666666
2000,UT,0.644,Female,483,49,Utah,utah,0.644
2000,VA,0.6630952380952381,Female,557,51,Virginia,virginia,0.6630952380952381
2000,VT,0.7947932618683001,Female,519,50,Vermont,vermont,0.7947932618683001
2000,WA,0.6682808716707022,Female,552,53,Washington,washington,0.6682808716707022
2000,WI,0.6736020806241872,Female,518,55,Wisconsin,wisconsin,0.6736020806241872
2000,WV,0.6650943396226415,Female,423,54,West Virginia,west virginia,0.6650943396226415
2000,WY,0.5771428571428572,Female,404,56,Wyoming,wyoming,0.5771428571428572
2001,AK,0.7075962539021852,Female,680,02,Alaska,alaska,0.7075962539021852
2001,AL,0.6796536796536796,Female,471,01,Alabama,alabama,0.6796536796536796
2001,AR,0.7293103448275862,Female,423,05,Arkansas,arkansas,0.7293103448275862
2001,AZ,0.7282184655396619,Female,560,04,Arizona,arizona,0.7282184655396619
2001,CA,0.6886641830761043,Female,647,06,California,california,0.6886641830761043
2001,CO,0.6789772727272727,Female,597.5,08,Colorado,colorado,0.6789772727272727
2001,CT,0.6919875130072841,Female,665,09,Connecticut,connecticut,0.6919875130072841
2001,DC,0.6936416184971098,Female,600,11,District of Columbia,district of columbia,0.6936416184971098
2001,DE,0.75,Female,600,10,Delaware,delaware,0.75
2001,FL,0.6666666666666666,Female,500,12,Florida,florida,0.6666666666666666
2001,GA,0.6963788300835655,Female,500,13,Georgia,georgia,0.6963788300835655
2001,HI,0.7578947368421053,Female,576,15,Hawaii,hawaii,0.7578947368421053
2001,IA,0.6962457337883959,Female,510,19,Iowa,iowa,0.6962457337883959
2001,ID,0.6849925705794948,Female,461,16,Idaho,idaho,0.6849925705794948
2001,IL,0.6536643026004728,Female,553,17,Illinois,illinois,0.6536643026004728
2001,IN,0.6666666666666666,Female,500,18,Indiana,indiana,0.6666666666666666
2001,KS,0.6762028608582574,Female,520,20,Kansas,kansas,0.6762028608582574
2001,KY,0.7058823529411765,Female,480,21,Kentucky,kentucky,0.7058823529411765
2001,LA,0.6984126984126984,Female,440,22,Louisiana,louisiana,0.6984126984126984
2001,MA,0.691304347826087,Female,636,25,Massachusetts,massachusetts,0.691304347826087
2001,MD,0.7398843930635838,Female,640,24,Maryland,maryland,0.7398843930635838
2001,ME,0.7681818181818182,Female,507,23,Maine,maine,0.7681818181818182
2001,MI,0.6450867052023121,Female,558,26,Michigan,michigan,0.6450867052023121
2001,MN,0.7054589082183563,Female,588,27,Minnesota,minnesota,0.7054589082183563
2001,MO,0.69931034482758625,Female,507,29,Missouri,missouri,0.69931034482758625
2001,MS,0.654281098546042,Female,405,28,Mississippi,mississippi,0.654281098546042
2001,MT,0.7308970099667774,Female,440,30,Montana,montana,0.7308970099667774
2001,NC,0.6946454413892909,Female,480,37,North Carolina,north carolina,0.6946454413892909
2001,ND,0.6833073322932918,Female,438,38,North Dakota,north dakota,0.6833073322932918
2001,NE,0.6681159420289855,Female,461,31,Nebraska,nebraska,0.6681159420289855
2001,NH,0.687960687960688,Female,560,33,New Hampshire,new hampshire,0.687960687960688
2001,NJ,0.653,Female,653,34,New Jersey,new jersey,0.653
2001,NM,0.7554347826086957,Female,486.5,35,New Mexico,new mexico,0.7554347826086957
2001,NV,0.7289972899728997,Female,538,32,Nevada,nevada,0.7289972899728997
2001,NY,0.6808510638297872,Female,576,36,New York,new york,0.6808510638297872
2001,OH,0.6879063719115734,Female,529,39,Ohio,ohio,0.6879063719115734
2001,OK,0.6835066864784547,Female,460,40,Oklahoma,oklahoma,0.6835066864784547
2001,OR,0.7130102040816326,Female,559,41,Oregon,oregon,0.7130102040816326
2001,PA,0.6725,Female,538,42,Pennsylvania,pennsylvania,0.6725
2001,RI,0.72,Female,576,44,Rhode Island,rhode island,0.72
2001,SC,0.6818181818181818,Female,480,45,South Carolina,south carolina,0.6818181818181818
2001,SD,0.6790490341753344,Female,457,46,South Dakota,south dakota,0.6790490341753344
2001,TN,0.7023121387283237,Female,486,47,Tennessee,tennessee,0.7023121387283237
2001,TX,0.6666666666666666,Female,490,48,Texas,texas,0.6666666666666666
2001,UT,0.6786427145708582,Female,510,49,Utah,utah,0.6786427145708582
2001,VA,0.6725181598062954,Female,555.5,51,Virginia,virginia,0.6725181598062954
2001,VT,0.7686622320768662,Female,520,50,Vermont,vermont,0.7686622320768662
2001,WA,0.6554913294797687,Female,567,53,Washington,washington,0.6554913294797687
2001,WI,0.6459627329192547,Female,520,55,Wisconsin,wisconsin,0.6459627329192547
2001,WV,0.6482758620689655,Female,423,54,West Virginia,west virginia,0.6482758620689655
2001,WY,0.6452064380685795,Female,461,56,Wyoming,wyoming,0.6452064380685795
2002,AK,0.676378772112383,Female,650,02,Alaska,alaska,0.676378772112383
2002,AL,0.6575342465753424,Female,480,01,Alabama,alabama,0.6575342465753424
2002,AR,0.6953846153846154,Female,452,05,Arkansas,arkansas,0.6953846153846154
2002,AZ,0.6824644549763034,Female,576,04,Arizona,arizona,0.6824644549763034
2002,CA,0.7172995780590717,Female,680,06,California,california,0.7172995780590717
2002,CO,0.6988082340195017,Female,645,08,Colorado,colorado,0.6988082340195017
2002,CT,0.675,Female,675,09,Connecticut,connecticut,0.675
2002,DC,0.663,Female,663,11,District of Columbia,district of columbia,0.663
2002,DE,0.7365269461077845,Female,615,10,Delaware,delaware,0.7365269461077845
2002,FL,0.6866059817945384,Female,528,12,Florida,florida,0.6866059817945384
2002,GA,0.7428571428571429,Female,520,13,Georgia,georgia,0.7428571428571429
2002,HI,0.72,Female,576,15,Hawaii,hawaii,0.72
2002,IA,0.6947227788911156,Female,520,19,Iowa,iowa,0.6947227788911156
2002,ID,0.711764705882353,Female,484,16,Idaho,idaho,0.711764705882353
2002,IL,0.6658959537572254,Female,576,17,Illinois,illinois,0.6658959537572254
2002,IN,0.6501950585175552,Female,500,18,Indiana,indiana,0.6501950585175552
2002,KS,0.7152145643693107,Female,550,20,Kansas,kansas,0.7152145643693107
2002,KY,0.7077140835102619,Female,500,21,Kentucky,kentucky,0.7077140835102619
2002,LA,0.661849710982659,Female,458,22,Louisiana,louisiana,0.661849710982659
2002,MA,0.700312174817898,Female,673,25,Massachusetts,massachusetts,0.700312174817898
2002,MD,0.696149843912591,Female,669,24,Maryland,maryland,0.696149843912591
2002,ME,0.7001347708894878,Female,519.5,23,Maine,maine,0.7001347708894878
2002,MI,0.6670520231213873,Female,577,26,Michigan,michigan,0.6670520231213873
2002,MN,0.7930607187112764,Female,640,27,Minnesota,minnesota,0.7930607187112764
2002,MO,0.7368421052631579,Female,560,29,Missouri,missouri,0.7368421052631579
2002,MS,0.7346613545816733,Female,461,28,Mississippi,mississippi,0.7346613545816733
2002,MT,0.6358381502890174,Female,440,30,Montana,montana,0.6358381502890174
2002,NC,0.7414285714285714,Female,519,37,North Carolina,north carolina,0.7414285714285714
2002,ND,0.7075757575757575,Female,467,38,North Dakota,north dakota,0.7075757575757575
2002,NE,0.6779184247538678,Female,482,31,Nebraska,nebraska,0.6779184247538678
2002,NH,0.6857142857142857,Female,576,33,New Hampshire,new hampshire,0.6857142857142857
2002,NJ,0.72,Female,720,34,New Jersey,new jersey,0.72
2002,NM,0.7142857142857143,Female,500,35,New Mexico,new mexico,0.7142857142857143
2002,NV,0.764,Female,573,32,Nevada,nevada,0.764
2002,NY,0.6811111111111111,Female,613,36,New York,new york,0.6811111111111111
2002,OH,0.7197943444730077,Female,560,39,Ohio,ohio,0.7197943444730077
2002,OK,0.7352941176470589,Female,500,40,Oklahoma,oklahoma,0.7352941176470589
2002,OR,0.7063197026022305,Female,570,41,Oregon,oregon,0.7063197026022305
2002,PA,0.710625,Female,568.5,42,Pennsylvania,pennsylvania,0.710625
2002,RI,0.7261072261072261,Female,623,44,Rhode Island,rhode island,0.7261072261072261
2002,SC,0.7032348804500703,Female,500,45,South Carolina,south carolina,0.7032348804500703
2002,SD,0.6911544227886057,Female,461,46,South Dakota,south dakota,0.6911544227886057
2002,TN,0.7132243684992571,Female,480,47,Tennessee,tennessee,0.7132243684992571
2002,TX,0.7123287671232876,Female,520,48,Texas,texas,0.7123287671232876
2002,UT,0.6762028608582574,Female,520,49,Utah,utah,0.6762028608582574
2002,VA,0.6936416184971098,Female,600,51,Virginia,virginia,0.6936416184971098
2002,VT,0.6933333333333334,Female,520,50,Vermont,vermont,0.6933333333333334
2002,WA,0.6833333333333333,Female,615,53,Washington,washington,0.6833333333333333
2002,WI,0.6716604244694132,Female,538,55,Wisconsin,wisconsin,0.6716604244694132
2002,WV,0.6549401197604791,Female,437.5,54,West Virginia,west virginia,0.6549401197604791
2002,WY,0.631578947368421,Female,480,56,Wyoming,wyoming,0.631578947368421
2003,AK,0.7470072692211858,Female,689.54,02,Alaska,alaska,0.7470072692211858
2003,AL,0.7032348804500703,Female,500,01,Alabama,alabama,0.7032348804500703
2003,AR,0.7233375156838142,Female,461.2,05,Arkansas,arkansas,0.7233375156838142
2003,AZ,0.7058865052147365,Female,600,04,Arizona,arizona,0.7058865052147365
2003,CA,0.7196863332397325,Female,692,06,California,california,0.7196863332397325
2003,CO,0.7000281668779181,Female,646.175,08,Colorado,colorado,0.7000281668779181
2003,CT,0.6545396099046034,Female,692.3,09,Connecticut,connecticut,0.6545396099046034
2003,DC,0.7777739259053826,Female,673.07,11,District of Columbia,district of columbia,0.7777739259053826
2003,DE,0.6964285714285714,Female,614.25,10,Delaware,delaware,0.6964285714285714
2003,FL,0.6862772587655014,Female,538.46,12,Florida,florida,0.6862772587655014
2003,GA,0.7777777777777778,Female,560,13,Georgia,georgia,0.7777777777777778
2003,HI,0.8727113133940182,Female,671.115,15,Hawaii,hawaii,0.8727113133940182
2003,IA,0.703096539162113,Female,540.4,19,Iowa,iowa,0.703096539162113
2003,ID,0.7132243684992571,Female,480,16,Idaho,idaho,0.7132243684992571
2003,IL,0.6787330316742082,Female,600,17,Illinois,illinois,0.6787330316742082
2003,IN,0.7,Female,540.4,18,Indiana,indiana,0.7
2003,KS,0.7282184655396619,Female,560,20,Kansas,kansas,0.7282184655396619
2003,KY,0.705691401150277,Female,500,21,Kentucky,kentucky,0.705691401150277
2003,LA,0.6631944444444444,Female,477.5,22,Louisiana,louisiana,0.6631944444444444
2003,MA,0.7146881287726358,Female,710.4,25,Massachusetts,massachusetts,0.7146881287726358
2003,MD,0.7199983359853567,Female,692.3,24,Maryland,maryland,0.7199983359853567
2003,ME,0.7294662271165041,Female,520,23,Maine,maine,0.7294662271165041
2003,MI,0.6932889628397115,Female,600,26,Michigan,michigan,0.6932889628397115
2003,MN,0.7096388741370153,Female,641.4,27,Minnesota,minnesota,0.7096388741370153
2003,MO,0.7150007150007149,Female,550,29,Missouri,missouri,0.7150007150007149
2003,MS,0.683695652173913,Female,471.75,28,Mississippi,mississippi,0.683695652173913
2003,MT,0.713150192401979,Female,480,30,Montana,montana,0.713150192401979
2003,NC,0.7002080624187257,Female,538.46,37,North Carolina,north carolina,0.7002080624187257
2003,ND,0.6714137432949357,Female,462.5,38,North Dakota,north dakota,0.6714137432949357
2003,NE,0.6537679543516757,Female,498.4,31,Nebraska,nebraska,0.6537679543516757
2003,NH,0.6270869565217391,Female,576.92,33,New Hampshire,new hampshire,0.6270869565217391
2003,NJ,0.7024431550282421,Female,730,34,New Jersey,new jersey,0.7024431550282421
2003,NM,0.6746026168959848,Female,480,35,New Mexico,new mexico,0.6746026168959848
2003,NV,0.7302497302497303,Female,561.73,32,Nevada,nevada,0.7302497302497303
2003,NY,0.6837555555555556,Female,615.38,36,New York,new york,0.6837555555555556
2003,OH,0.7146430358036161,Female,550,39,Ohio,ohio,0.7146430358036161
2003,OK,0.7222302470027445,Female,500,40,Oklahoma,oklahoma,0.7222302470027445
2003,OR,0.72,Female,576,41,Oregon,oregon,0.72
2003,PA,0.7137144201364385,Female,576.46,42,Pennsylvania,pennsylvania,0.7137144201364385
2003,RI,0.6958554847329307,Female,625,44,Rhode Island,rhode island,0.6958554847329307
2003,SC,0.7273292093249413,Female,538.5,45,South Carolina,south carolina,0.7273292093249413
2003,SD,0.7538461538461538,Female,490,46,South Dakota,south dakota,0.7538461538461538
2003,TN,0.7075,Female,495.25,47,Tennessee,tennessee,0.7075
2003,TX,0.7046007046007046,Female,542,48,Texas,texas,0.7046007046007046
2003,UT,0.7150007150007149,Female,550,49,Utah,utah,0.7150007150007149
2003,VA,0.6747602339181286,Female,576.92,51,Virginia,virginia,0.6747602339181286
2003,VT,0.7487316421895861,Female,560.8,50,Vermont,vermont,0.7487316421895861
2003,WA,0.6775542483235292,Female,625.4300000000001,53,Washington,washington,0.6775542483235292
2003,WI,0.7142839455731778,Female,576.92,55,Wisconsin,wisconsin,0.7142839455731778
2003,WV,0.6896551724137931,Female,480,54,West Virginia,west virginia,0.6896551724137931
2003,WY,0.612713811590503,Female,480,56,Wyoming,wyoming,0.612713811590503
2004,AK,0.7036025917028071,Female,676.5350000000001,02,Alaska,alaska,0.7036025917028071
2004,AL,0.6957756308500739,Female,508.445,01,Alabama,alabama,0.6957756308500739
2004,AR,0.7448537421827718,Female,461.53,05,Arkansas,arkansas,0.7448537421827718
2004,AZ,0.7341245564664138,Female,600,04,Arizona,arizona,0.7341245564664138
2004,CA,0.73,Female,730,06,California,california,0.73
2004,CO,0.7248626817447497,Female,673.0350000000001,08,Colorado,colorado,0.7248626817447497
2004,CT,0.7081007751937984,Female,730.76,09,Connecticut,connecticut,0.7081007751937984
2004,DC,0.6815355805243446,Female,727.88,11,District of Columbia,district of columbia,0.6815355805243446
2004,DE,0.7581871547759366,Female,656.12,10,Delaware,delaware,0.7581871547759366
2004,FL,0.72115,Female,576.92,12,Florida,florida,0.72115
2004,GA,0.800536427828562,Female,585,13,Georgia,georgia,0.800536427828562
2004,HI,0.7428592653121866,Female,600,15,Hawaii,hawaii,0.7428592653121866
2004,IA,0.728000728000728,Female,560,19,Iowa,iowa,0.728000728000728
2004,ID,0.6920245900522062,Female,507.69,16,Idaho,idaho,0.6920245900522062
2004,IL,0.6500048750365628,Female,600,17,Illinois,illinois,0.6500048750365628
2004,IN,0.7150007150007149,Female,550,18,Indiana,indiana,0.7150007150007149
2004,KS,0.72115,Female,576.92,20,Kansas,kansas,0.72115
2004,KY,0.7222222222222222,Female,520,21,Kentucky,kentucky,0.7222222222222222
2004,LA,0.6719032240407248,Female,491,22,Louisiana,louisiana,0.6719032240407248
2004,MA,0.7336947791164659,Female,730.76,25,Massachusetts,massachusetts,0.7336947791164659
2004,MD,0.7486451322084601,Female,730.76,24,Maryland,maryland,0.7486451322084601
2004,ME,0.7027027027027027,Female,520,23,Maine,maine,0.7027027027027027
2004,MI,0.688695652173913,Female,633.6,26,Michigan,michigan,0.688695652173913
2004,MN,0.6947589098532494,Female,662.8,27,Minnesota,minnesota,0.6947589098532494
2004,MO,0.6779661016949152,Female,560,29,Missouri,missouri,0.6779661016949152
2004,MS,0.7032767700409596,Female,480.76,28,Mississippi,mississippi,0.7032767700409596
2004,MT,0.7159493670886076,Female,480.76,30,Montana,montana,0.7159493670886076
2004,NC,0.7673849428039372,Female,576.92,37,North Carolina,north carolina,0.7673849428039372
2004,ND,0.6689895470383276,Female,480,38,North Dakota,north dakota,0.6689895470383276
2004,NE,0.7105263157894737,Female,540,31,Nebraska,nebraska,0.7105263157894737
2004,NH,0.6844953836357848,Female,645,33,New Hampshire,new hampshire,0.6844953836357848
2004,NJ,0.710409472126295,Female,720,34,New Jersey,new jersey,0.710409472126295
2004,NM,0.6875,Female,550,35,New Mexico,new mexico,0.6875
2004,NV,0.7157816377171216,Female,576.92,32,Nevada,nevada,0.7157816377171216
2004,NY,0.7204220698321904,Female,665,36,New York,new york,0.7204220698321904
2004,OH,0.6845238095238095,Female,575,39,Ohio,ohio,0.6845238095238095
2004,OK,0.7017543859649122,Female,500,40,Oklahoma,oklahoma,0.7017543859649122
2004,OR,0.6753724351166495,Female,576.66,41,Oregon,oregon,0.6753724351166495
2004,PA,0.72115,Female,576.92,42,Pennsylvania,pennsylvania,0.72115
2004,RI,0.7159090909090909,Female,630,44,Rhode Island,rhode island,0.7159090909090909
2004,SC,0.7256400000000001,Female,544.23,45,South Carolina,south carolina,0.7256400000000001
2004,SD,0.7428647837520614,Female,500,46,South Dakota,south dakota,0.7428647837520614
2004,TN,0.7404179317735311,Female,518.2,47,Tennessee,tennessee,0.7404179317735311
2004,TX,0.7185936096496857,Female,560,48,Texas,texas,0.7185936096496857
2004,UT,0.6666666666666666,Female,538.46,49,Utah,utah,0.6666666666666666
2004,VA,0.6784989341912575,Female,600,51,Virginia,virginia,0.6784989341912575
2004,VT,0.75,Female,600,50,Vermont,vermont,0.75
2004,WA,0.6985975125694628,Female,660,53,Washington,washington,0.6985975125694628
2004,WI,0.6987550692619647,Female,567.735,55,Wisconsin,wisconsin,0.6987550692619647
2004,WV,0.7278601997146933,Female,510.23,54,West Virginia,west virginia,0.7278601997146933
2004,WY,0.6508563899868248,Female,494,56,Wyoming,wyoming,0.6508563899868248
2005,AK,0.72,Female,720,02,Alaska,alaska,0.72
2005,AL,0.7032509752925877,Female,540.8,01,Alabama,alabama,0.7032509752925877
2005,AR,0.7647130796525143,Female,500,05,Arkansas,arkansas,0.7647130796525143
2005,AZ,0.745477844222412,Female,602.115,04,Arizona,arizona,0.745477844222412
2005,CA,0.7360157016683022,Female,750,06,California,california,0.7360157016683022
2005,CO,0.707206223414766,Female,680,08,Colorado,colorado,0.707206223414766
2005,CT,0.7238095238095238,Female,760,09,Connecticut,connecticut,0.7238095238095238
2005,DC,0.6666695555709631,Female,769.23,11,District of Columbia,district of columbia,0.6666695555709631
2005,DE,0.7780346820809249,Female,673,10,Delaware,delaware,0.7780346820809249
2005,FL,0.7194976220940058,Female,596.075,12,Florida,florida,0.7194976220940058
2005,GA,0.746740918871029,Female,590,13,Georgia,georgia,0.746740918871029
2005,HI,0.7114904862579282,Female,673.07,15,Hawaii,hawaii,0.7114904862579282
2005,IA,0.7396410256410256,Female,576.92,19,Iowa,iowa,0.7396410256410256
2005,ID,0.6887439242773089,Female,538.46,16,Idaho,idaho,0.6887439242773089
2005,IL,0.7034632034632035,Female,650,17,Illinois,illinois,0.7034632034632035
2005,IN,0.7262649049307122,Female,563.4,18,Indiana,indiana,0.7262649049307122
2005,KS,0.7240461847389558,Female,576.92,20,Kansas,kansas,0.7240461847389558
2005,KY,0.7379972565157751,Female,538,21,Kentucky,kentucky,0.7379972565157751
2005,LA,0.6501950585175552,Female,500,22,Louisiana,louisiana,0.6501950585175552
2005,MA,0.6727207404816156,Female,711.53,25,Massachusetts,massachusetts,0.6727207404816156
2005,MD,0.7410693641618498,Female,769.23,24,Maryland,maryland,0.7410693641618498
2005,ME,0.7502210663198959,Female,576.92,23,Maine,maine,0.7502210663198959
2005,MI,0.7032967032967034,Female,640,26,Michigan,michigan,0.7032967032967034
2005,MN,0.7075962539021852,Female,680,27,Minnesota,minnesota,0.7075962539021852
2005,MO,0.6995,Female,559.6,29,Missouri,missouri,0.6995
2005,MS,0.685,Female,479.5,28,Mississippi,mississippi,0.685
2005,MT,0.7142857142857143,Female,494.5,30,Montana,montana,0.7142857142857143
2005,NC,0.728000728000728,Female,560,37,North Carolina,north carolina,0.728000728000728
2005,ND,0.7041681336836118,Female,520,38,North Dakota,north dakota,0.7041681336836118
2005,NE,0.6971125,Female,557.69,31,Nebraska,nebraska,0.6971125
2005,NH,0.6659729448491155,Female,640,33,New Hampshire,new hampshire,0.6659729448491155
2005,NJ,0.727530747398297,Female,769,34,New Jersey,new jersey,0.727530747398297
2005,NM,0.7216400000000001,Female,541.23,35,New Mexico,new mexico,0.7216400000000001
2005,NV,0.7668187499999999,Female,613.4549999999999,32,Nevada,nevada,0.7668187499999999
2005,NY,0.719045787663184,Female,673.07,36,New York,new york,0.719045787663184
2005,OH,0.7425742574257426,Female,600,39,Ohio,ohio,0.7425742574257426
2005,OK,0.6369523809523809,Female,501.6,40,Oklahoma,oklahoma,0.6369523809523809
2005,OR,0.7035294117647058,Female,598,41,Oregon,oregon,0.7035294117647058
2005,PA,0.6876691101972703,Female,576.92,42,Pennsylvania,pennsylvania,0.6876691101972703
2005,RI,0.692396798652064,Female,657.5,44,Rhode Island,rhode island,0.692396798652064
2005,SC,0.6999206999207,Female,538.4000000000001,45,South Carolina,south carolina,0.6999206999207
2005,SD,0.7064391932464413,Female,500,46,South Dakota,south dakota,0.7064391932464413
2005,TN,0.7665679404753304,Female,530.5799999999999,47,Tennessee,tennessee,0.7665679404753304
2005,TX,0.7499967499967499,Female,576.92,48,Texas,texas,0.7499967499967499
2005,UT,0.6727875,Female,538.23,49,Utah,utah,0.6727875
2005,VA,0.6911627906976745,Female,653.84,51,Virginia,virginia,0.6911627906976745
2005,VT,0.7666666666666667,Female,607.2,50,Vermont,vermont,0.7666666666666667
2005,WA,0.7157894736842105,Female,680,53,Washington,washington,0.7157894736842105
2005,WI,0.660091533180778,Female,576.92,55,Wisconsin,wisconsin,0.660091533180778
2005,WV,0.6985877716350102,Female,510.5,54,West Virginia,west virginia,0.6985877716350102
2005,WY,0.5882352941176471,Female,500,56,Wyoming,wyoming,0.5882352941176471
2006,AK,0.6830970709725873,Female,727.635,02,Alaska,alaska,0.6830970709725873
2006,AL,0.7011848605281727,Female,566.3399999999999,01,Alabama,alabama,0.7011848605281727
2006,AR,0.8,Female,560,05,Arkansas,arkansas,0.8
2006,AZ,0.7576388888888889,Female,654.6,04,Arizona,arizona,0.7576388888888889
2006,CA,0.7171704167799091,Female,752.05,06,California,california,0.7171704167799091
2006,CO,0.7149646916892869,Female,687.46,08,Colorado,colorado,0.7149646916892869
2006,CT,0.6868125,Female,769.23,09,Connecticut,connecticut,0.6868125
2006,DC,0.6808398396286136,Female,903.4200000000001,11,District of Columbia,district of columbia,0.6808398396286136
2006,DE,0.7065217391304348,Female,650,10,Delaware,delaware,0.7065217391304348
2006,FL,0.7130566918579122,Female,617.065,12,Florida,florida,0.7130566918579122
2006,GA,0.7050474462256845,Female,610,13,Georgia,georgia,0.7050474462256845
2006,HI,0.7500541711809317,Female,692.3,15,Hawaii,hawaii,0.7500541711809317
2006,IA,0.7187112763320942,Female,580,19,Iowa,iowa,0.7187112763320942
2006,ID,0.7301643489254108,Female,577.56,16,Idaho,idaho,0.7301643489254108
2006,IL,0.682388461616924,Female,669,17,Illinois,illinois,0.682388461616924
2006,IN,0.72115,Female,576.92,18,Indiana,indiana,0.72115
2006,KS,0.6772118221835245,Female,560,20,Kansas,kansas,0.6772118221835245
2006,KY,0.7325925925925927,Female,553.84,21,Kentucky,kentucky,0.7325925925925927
2006,LA,0.6664891053445957,Female,525.5,22,Louisiana,louisiana,0.6664891053445957
2006,MA,0.6854560409949985,Female,725,25,Massachusetts,massachusetts,0.6854560409949985
2006,MD,0.7075471698113207,Female,750,24,Maryland,maryland,0.7075471698113207
2006,ME,0.7428592653121866,Female,600,23,Maine,maine,0.7428592653121866
2006,MI,0.6870638754696726,Female,640,26,Michigan,michigan,0.6870638754696726
2006,MN,0.6990497165463518,Female,685.6,27,Minnesota,minnesota,0.6990497165463518
2006,MO,0.7091249999999999,Female,567.3,29,Missouri,missouri,0.7091249999999999
2006,MS,0.7,Female,504,28,Mississippi,mississippi,0.7
2006,MT,0.6940719251190541,Female,507.2,30,Montana,montana,0.6940719251190541
2006,NC,0.7511979166666666,Female,576.92,37,North Carolina,north carolina,0.7511979166666666
2006,ND,0.7143066666666666,Female,535.73,38,North Dakota,north dakota,0.7143066666666666
2006,NE,0.6933353142913741,Female,560,31,Nebraska,nebraska,0.6933353142913741
2006,NH,0.7,Female,700,33,New Hampshire,new hampshire,0.7
2006,NJ,0.7000017333425779,Female,807.69,34,New Jersey,new jersey,0.7000017333425779
2006,NM,0.6857506857506858,Female,527.5,35,New Mexico,new mexico,0.6857506857506858
2006,NV,0.7326261295615799,Female,634,32,Nevada,nevada,0.7326261295615799
2006,NY,0.7523455478845813,Female,680,36,New York,new york,0.7523455478845813
2006,OH,0.6933370311308327,Female,600,39,Ohio,ohio,0.6933370311308327
2006,OK,0.72,Female,576,40,Oklahoma,oklahoma,0.72
2006,OR,0.7044444444444444,Female,634,41,Oregon,oregon,0.7044444444444444
2006,PA,0.6936416184971098,Female,600,42,Pennsylvania,pennsylvania,0.6936416184971098
2006,RI,0.7280064064563768,Female,700,44,Rhode Island,rhode island,0.7280064064563768
2006,SC,0.6992929292929293,Female,553.84,45,South Carolina,south carolina,0.6992929292929293
2006,SD,0.6933333333333334,Female,520,46,South Dakota,south dakota,0.6933333333333334
2006,TN,0.7253333333333334,Female,544,47,Tennessee,tennessee,0.7253333333333334
2006,TX,0.7121428571428572,Female,598.2,48,Texas,texas,0.7121428571428572
2006,UT,0.6669595375722542,Female,576.92,49,Utah,utah,0.6669595375722542
2006,VA,0.66981228843984,Female,653,51,Virginia,virginia,0.66981228843984
2006,VT,0.7311827956989247,Female,612,50,Vermont,vermont,0.7311827956989247
2006,WA,0.7137322076756801,Female,700,53,Washington,washington,0.7137322076756801
2006,WI,0.7326261295615799,Female,634,55,Wisconsin,wisconsin,0.7326261295615799
2006,WV,0.7095131578947369,Female,539.23,54,West Virginia,west virginia,0.7095131578947369
2006,WY,0.6265158371040724,Female,553.84,56,Wyoming,wyoming,0.6265158371040724
2007,AK,0.6760272727272727,Female,743.63,02,Alaska,alaska,0.6760272727272727
2007,AL,0.674980174980175,Female,519.215,01,Alabama,alabama,0.674980174980175
2007,AR,0.7630555555555555,Female,549.4,05,Arkansas,arkansas,0.7630555555555555
2007,AZ,0.7648917169010941,Female,685.19,04,Arizona,arizona,0.7648917169010941
2007,CA,0.6938421509106678,Female,800,06,California,california,0.6938421509106678
2007,CO,0.73038,Female,730.38,08,Colorado,colorado,0.73038
2007,CT,0.6964440589765828,Female,803,09,Connecticut,connecticut,0.6964440589765828
2007,DC,0.6870194464181516,Female,865.38,11,District of Columbia,district of columbia,0.6870194464181516
2007,DE,0.6961499999999999,Female,696.15,10,Delaware,delaware,0.6961499999999999
2007,FL,0.7511151170584021,Female,650,12,Florida,florida,0.7511151170584021
2007,GA,0.6624052004333696,Female,611.4000000000001,13,Georgia,georgia,0.6624052004333696
2007,HI,0.7603626503982377,Female,673.0350000000001,15,Hawaii,hawaii,0.7603626503982377
2007,IA,0.7114219653179191,Female,615.38,19,Iowa,iowa,0.7114219653179191
2007,ID,0.696560731388768,Female,576,16,Idaho,idaho,0.696560731388768
2007,IL,0.6730700000000001,Female,673.07,17,Illinois,illinois,0.6730700000000001
2007,IN,0.6633352496351657,Female,600,18,Indiana,indiana,0.6633352496351657
2007,KS,0.7288488546660855,Female,602,20,Kansas,kansas,0.7288488546660855
2007,KY,0.7177131189382338,Female,562.4,21,Kentucky,kentucky,0.7177131189382338
2007,LA,0.6183030212095555,Female,576.92,22,Louisiana,louisiana,0.6183030212095555
2007,MA,0.6420951585976628,Female,769.23,25,Massachusetts,massachusetts,0.6420951585976628
2007,MD,0.7272727272727273,Female,800,24,Maryland,maryland,0.7272727272727273
2007,ME,0.7323690476190476,Female,615.19,23,Maine,maine,0.7323690476190476
2007,MI,0.6681105263157894,Female,634.7049999999999,26,Michigan,michigan,0.6681105263157894
2007,MN,0.7265,Female,726.5,27,Minnesota,minnesota,0.7265
2007,MO,0.6787294117647058,Female,576.92,29,Missouri,missouri,0.6787294117647058
2007,MS,0.6666666666666666,Female,500,28,Mississippi,mississippi,0.6666666666666666
2007,MT,0.7425333333333333,Female,556.9,30,Montana,montana,0.7425333333333333
2007,NC,0.75,Female,600,37,North Carolina,north carolina,0.75
2007,ND,0.7373126271370546,Female,560,38,North Dakota,north dakota,0.7373126271370546
2007,NE,0.6933370311308327,Female,600,31,Nebraska,nebraska,0.6933370311308327
2007,NH,0.7,Female,700,33,New Hampshire,new hampshire,0.7
2007,NJ,0.6883166988174118,Female,820.6800000000001,34,New Jersey,new jersey,0.6883166988174118
2007,NM,0.631578947368421,Female,600,35,New Mexico,new mexico,0.631578947368421
2007,NV,0.724174653887114,Female,680,32,Nevada,nevada,0.724174653887114
2007,NY,0.7599970879743742,Female,730.76,36,New York,new york,0.7599970879743742
2007,OH,0.7240500463392029,Female,625,39,Ohio,ohio,0.7240500463392029
2007,OK,0.728000728000728,Female,560,40,Oklahoma,oklahoma,0.728000728000728
2007,OR,0.6767339552588063,Female,650.7,41,Oregon,oregon,0.6767339552588063
2007,PA,0.73,Female,642.4,42,Pennsylvania,pennsylvania,0.73
2007,RI,0.73076,Female,730.76,44,Rhode Island,rhode island,0.73076
2007,SC,0.6971125,Female,557.69,45,South Carolina,south carolina,0.6971125
2007,SD,0.7780997345545176,Female,576,46,South Dakota,south dakota,0.7780997345545176
2007,TN,0.7282184655396619,Female,560,47,Tennessee,tennessee,0.7282184655396619
2007,TX,0.7058823529411765,Female,600,48,Texas,texas,0.7058823529411765
2007,UT,0.6818181818181818,Female,600,49,Utah,utah,0.6818181818181818
2007,VA,0.71153,Female,711.53,51,Virginia,virginia,0.71153
2007,VT,0.7621967396751466,Female,646.4,50,Vermont,vermont,0.7621967396751466
2007,WA,0.7404926108374384,Female,751.6,53,Washington,washington,0.7404926108374384
2007,WI,0.7649818576810188,Female,662,55,Wisconsin,wisconsin,0.7649818576810188
2007,WV,0.6666666666666666,Female,560,54,West Virginia,west virginia,0.6666666666666666
2007,WY,0.5827263267429761,Female,560,56,Wyoming,wyoming,0.5827263267429761
2008,AK,0.6624440234240441,Female,769.23,02,Alaska,alaska,0.6624440234240441
2008,AL,0.7010815408919674,Female,576.92,01,Alabama,alabama,0.7010815408919674
2008,AR,0.8516428571428571,Female,596.15,05,Arkansas,arkansas,0.8516428571428571
2008,AZ,0.7238134629304105,Female,700,04,Arizona,arizona,0.7238134629304105
2008,CA,0.7280038826873744,Female,840,06,California,california,0.7280038826873744
2008,CO,0.7270561317588329,Female,769,08,Colorado,colorado,0.7270561317588329
2008,CT,0.737175,Female,884.61,09,Connecticut,connecticut,0.737175
2008,DC,0.7688,Female,961,11,District of Columbia,district of columbia,0.7688
2008,DE,0.7346938775510204,Female,720,10,Delaware,delaware,0.7346938775510204
2008,FL,0.7315217391304348,Female,673,12,Florida,florida,0.7315217391304348
2008,GA,0.6659729448491155,Female,640,13,Georgia,georgia,0.6659729448491155
2008,HI,0.786246918972887,Female,756,15,Hawaii,hawaii,0.786246918972887
2008,IA,0.7183333333333334,Female,646.5,19,Iowa,iowa,0.7183333333333334
2008,ID,0.7317073170731707,Female,600,16,Idaho,idaho,0.7317073170731707
2008,IL,0.673,Female,673,17,Illinois,illinois,0.673
2008,IN,0.7179444444444444,Female,646.15,18,Indiana,indiana,0.7179444444444444
2008,KS,0.6569095809332559,Female,621.5350000000001,20,Kansas,kansas,0.6569095809332559
2008,KY,0.6955,Female,556.4,21,Kentucky,kentucky,0.6955
2008,LA,0.6437768240343348,Female,600,22,Louisiana,louisiana,0.6437768240343348
2008,MA,0.6536,Female,817,25,Massachusetts,massachusetts,0.6536
2008,MD,0.7449039728211885,Female,859.5,24,Maryland,maryland,0.7449039728211885
2008,ME,0.7126041666666667,Female,615.69,23,Maine,maine,0.7126041666666667
2008,MI,0.6972514147130153,Female,690,26,Michigan,michigan,0.6972514147130153
2008,MN,0.75125,Female,751.25,27,Minnesota,minnesota,0.75125
2008,MO,0.7074845974707425,Female,600,29,Missouri,missouri,0.7074845974707425
2008,MS,0.6666840052015606,Female,512.6800000000001,28,Mississippi,mississippi,0.6666840052015606
2008,MT,0.6932022850918184,Female,560,30,Montana,montana,0.6932022850918184
2008,NC,0.7380952380952381,Female,620,37,North Carolina,north carolina,0.7380952380952381
2008,ND,0.7142839455731778,Female,576.92,38,North Dakota,north dakota,0.7142839455731778
2008,NE,0.7245714285714285,Female,634,31,Nebraska,nebraska,0.7245714285714285
2008,NH,0.67464069591528,Female,713.5,33,New Hampshire,new hampshire,0.67464069591528
2008,NJ,0.6757781124497992,Female,807.69,34,New Jersey,new jersey,0.6757781124497992
2008,NM,0.7402682406568681,Female,633.355,35,New Mexico,new mexico,0.7402682406568681
2008,NV,0.686,Female,686,32,Nevada,nevada,0.686
2008,NY,0.75,Female,750,36,New York,new york,0.75
2008,OH,0.7458823529411764,Female,634,39,Ohio,ohio,0.7458823529411764
2008,OK,0.7526157988129475,Female,615,40,Oklahoma,oklahoma,0.7526157988129475
2008,OR,0.7250046042011982,Female,669.23,41,Oregon,oregon,0.7250046042011982
2008,PA,0.7456140350877193,Female,680,42,Pennsylvania,pennsylvania,0.7456140350877193
2008,RI,0.6822429906542056,Female,730,44,Rhode Island,rhode island,0.6822429906542056
2008,SC,0.72115,Female,576.92,45,South Carolina,south carolina,0.72115
2008,SD,0.7904617614122917,Female,600,46,South Dakota,south dakota,0.7904617614122917
2008,TN,0.7488007488007488,Female,576,47,Tennessee,tennessee,0.7488007488007488
2008,TX,0.703850509626274,Female,621.5,48,Texas,texas,0.703850509626274
2008,UT,0.6951368801932681,Female,641.6600000000001,49,Utah,utah,0.6951368801932681
2008,VA,0.71004784688995215,Female,742,51,Virginia,virginia,0.71004784688995215
2008,VT,0.777693036585084,Female,673,50,Vermont,vermont,0.777693036585084
2008,WA,0.7222222222222222,Female,780,53,Washington,washington,0.7222222222222222
2008,WI,0.7125,Female,655.5,55,Wisconsin,wisconsin,0.7125
2008,WV,0.6511627906976745,Female,560,54,West Virginia,west virginia,0.6511627906976745
2008,WY,0.6396311041677166,Female,634.61,56,Wyoming,wyoming,0.6396311041677166
2009,AK,0.6933370311308328,Female,800,02,Alaska,alaska,0.6933370311308328
2009,AL,0.7093613531067811,Female,640,01,Alabama,alabama,0.7093613531067811
2009,AR,0.8612132352941176,Female,585.625,05,Arkansas,arkansas,0.8612132352941176
2009,AZ,0.65745489078822406,Female,692.3,04,Arizona,arizona,0.65745489078822406
2009,CA,0.7572107051237608,Female,873.7,06,California,california,0.7572107051237608
2009,CO,0.73751677852349,Female,769.23,08,Colorado,colorado,0.73751677852349
2009,CT,0.76354,Female,954.425,09,Connecticut,connecticut,0.76354
2009,DC,0.6473011015911873,Female,1057.69,11,District of Columbia,district of columbia,0.6473011015911873
2009,DE,0.7604162330905306,Female,730.76,10,Delaware,delaware,0.7604162330905306
2009,FL,0.7450244625976844,Female,673.07,12,Florida,florida,0.7450244625976844
2009,GA,0.7447809926468609,Female,692.3,13,Georgia,georgia,0.7447809926468609
2009,HI,0.7240023712208667,Female,696.15,15,Hawaii,hawaii,0.7240023712208667
2009,IA,0.7366721917081044,Female,680,19,Iowa,iowa,0.7366721917081044
2009,ID,0.7159904534606205,Female,600,16,Idaho,idaho,0.7159904534606205
2009,IL,0.6471826923076923,Female,673.07,17,Illinois,illinois,0.6471826923076923
2009,IN,0.7173333333333334,Female,645.6,18,Indiana,indiana,0.7173333333333334
2009,KS,0.6448056742899337,Female,620,20,Kansas,kansas,0.6448056742899337
2009,KY,0.6882641151863921,Female,595.61,21,Kentucky,kentucky,0.6882641151863921
2009,LA,0.6153379483679461,Female,568,22,Louisiana,louisiana,0.6153379483679461
2009,MA,0.6768,Female,846,25,Massachusetts,massachusetts,0.6768
2009,MD,0.7939266055045872,Female,865.38,24,Maryland,maryland,0.7939266055045872
2009,ME,0.7555524740576395,Female,653.84,23,Maine,maine,0.7555524740576395
2009,MI,0.7111453518233178,Female,692.3,26,Michigan,michigan,0.7111453518233178
2009,MN,0.7582355840315427,Female,769.23,27,Minnesota,minnesota,0.7582355840315427
2009,MO,0.6933370311308327,Female,600,29,Missouri,missouri,0.6933370311308327
2009,MS,0.676000676000676,Female,520,28,Mississippi,mississippi,0.676000676000676
2009,MT,0.7268283464566928,Female,576.92,30,Montana,montana,0.7268283464566928
2009,NC,0.8138634934455571,Female,673,37,North Carolina,north carolina,0.8138634934455571
2009,ND,0.6870588235294117,Female,584,38,North Dakota,north dakota,0.6870588235294117
2009,NE,0.7140434782608697,Female,656.9200000000001,31,Nebraska,nebraska,0.7140434782608697
2009,NH,0.7082152974504249,Female,750,33,New Hampshire,new hampshire,0.7082152974504249
2009,NJ,0.7014668218859139,Female,903.84,34,New Jersey,new jersey,0.7014668218859139
2009,NM,0.6803746097814777,Female,653.84,35,New Mexico,new mexico,0.6803746097814777
2009,NV,0.715765,Female,715.765,32,Nevada,nevada,0.715765
2009,NY,0.7453779069767442,Female,769.23,36,New York,new york,0.7453779069767442
2009,OH,0.7254464285714286,Female,650,39,Ohio,ohio,0.7254464285714286
2009,OK,0.7509999999999999,Female,600.8,40,Oklahoma,oklahoma,0.7509999999999999
2009,OR,0.665,Female,665,41,Oregon,oregon,0.665
2009,PA,0.715345485375159,Female,675,42,Pennsylvania,pennsylvania,0.715345485375159
2009,RI,0.6998175268746041,Female,740.19,44,Rhode Island,rhode island,0.6998175268746041
2009,SC,0.7350058800470404,Female,600,45,South Carolina,south carolina,0.7350058800470404
2009,SD,0.7546423927178154,Female,580.32,46,South Dakota,south dakota,0.7546423927178154
2009,TN,0.6677314814814814,Female,576.92,47,Tennessee,tennessee,0.6677314814814814
2009,TX,0.6716717042044482,Female,620,48,Texas,texas,0.6716717042044482
2009,UT,0.7080916206261512,Female,615.19,49,Utah,utah,0.7080916206261512
2009,VA,0.6966065495965829,Female,733.875,51,Virginia,virginia,0.6966065495965829
2009,VT,0.7588265245322673,Female,700.45,50,Vermont,vermont,0.7588265245322673
2009,WA,0.6938421509106678,Female,800,53,Washington,washington,0.6938421509106678
2009,WI,0.7203954214360041,Female,692.3,55,Wisconsin,wisconsin,0.7203954214360041
2009,WV,0.7028564690622882,Female,596.075,54,West Virginia,west virginia,0.7028564690622882
2009,WY,0.6066675654334303,Female,630,56,Wyoming,wyoming,0.6066675654334303
2010,AK,0.73,Female,730,02,Alaska,alaska,0.73
2010,AL,0.7775898602282226,Female,600,01,Alabama,alabama,0.7775898602282226
2010,AR,0.8617283950617284,Female,558.4,05,Arkansas,arkansas,0.8617283950617284
2010,AZ,0.8473755568467944,Female,700,04,Arizona,arizona,0.8473755568467944
2010,CA,0.7948921640704795,Female,805.5,06,California,california,0.7948921640704795
2010,CO,0.7659979407818789,Female,736.53,08,Colorado,colorado,0.7659979407818789
2010,CT,0.7502168256721596,Female,865,09,Connecticut,connecticut,0.7502168256721596
2010,DC,0.8307680000000001,Female,1038.46,11,District of Columbia,district of columbia,0.8307680000000001
2010,DE,0.8666712889135408,Female,750,10,Delaware,delaware,0.8666712889135408
2010,FL,0.7953216374269005,Female,680,12,Florida,florida,0.7953216374269005
2010,GA,0.7466662044419792,Female,646.15,13,Georgia,georgia,0.7466662044419792
2010,HI,0.8079545454545455,Female,711,15,Hawaii,hawaii,0.8079545454545455
2010,IA,0.7945,Female,635.6,19,Iowa,iowa,0.7945
2010,ID,0.74446875,Female,595.575,16,Idaho,idaho,0.74446875
2010,IL,0.7280064064563768,Female,700,17,Illinois,illinois,0.7280064064563768
2010,IN,0.75,Female,600,18,Indiana,indiana,0.75
2010,KS,0.757584875382378,Female,604.28,20,Kansas,kansas,0.757584875382378
2010,KY,0.773988273988274,Female,595.375,21,Kentucky,kentucky,0.773988273988274
2010,LA,0.6767390029325513,Female,576.92,22,Louisiana,louisiana,0.6767390029325513
2010,MA,0.8226679280983916,Female,869.56,25,Massachusetts,massachusetts,0.8226679280983916
2010,MD,0.8030407298538129,Female,816.845,24,Maryland,maryland,0.8030407298538129
2010,ME,0.7806691449814126,Female,630,23,Maine,maine,0.7806691449814126
2010,MI,0.7857819686149438,Female,680,26,Michigan,michigan,0.7857819686149438
2010,MN,0.8097157894736843,Female,769.23,27,Minnesota,minnesota,0.8097157894736843
2010,MO,0.7441376473150545,Female,615,29,Missouri,missouri,0.7441376473150545
2010,MS,0.7772380291464261,Female,560,28,Mississippi,mississippi,0.7772380291464261
2010,MT,0.7273706896551725,Female,540,30,Montana,montana,0.7273706896551725
2010,NC,0.8284530491745119,Female,653.84,37,North Carolina,north carolina,0.8284530491745119
2010,ND,0.7840421291970755,Female,600,38,North Dakota,north dakota,0.7840421291970755
2010,NE,0.7819775150629344,Female,634,31,Nebraska,nebraska,0.7819775150629344
2010,NH,0.7997254375838508,Female,768.96,33,New Hampshire,new hampshire,0.7997254375838508
2010,NJ,0.7583373777993483,Female,875,34,New Jersey,new jersey,0.7583373777993483
2010,NM,0.747565462666452,Female,626.8,35,New Mexico,new mexico,0.747565462666452
2010,NV,0.8265547425373596,Female,667.6,32,Nevada,nevada,0.8265547425373596
2010,NY,0.7782,Female,778.2,36,New York,new york,0.7782
2010,OH,0.7753571428571429,Female,651.3,39,Ohio,ohio,0.7753571428571429
2010,OK,0.78000078000078,Female,600,40,Oklahoma,oklahoma,0.78000078000078
2010,OR,0.7478555555555556,Female,673.07,41,Oregon,oregon,0.7478555555555556
2010,PA,0.7955910165484634,Female,673.07,42,Pennsylvania,pennsylvania,0.7955910165484634
2010,RI,0.75,Female,750,44,Rhode Island,rhode island,0.75
2010,SC,0.7752275682704811,Female,596.15,45,South Carolina,south carolina,0.7752275682704811
2010,SD,0.8090824147550306,Female,597.4749999999999,46,South Dakota,south dakota,0.8090824147550306
2010,TN,0.7692800000000001,Female,576.96,47,Tennessee,tennessee,0.7692800000000001
2010,TX,0.792383216332999,Female,640,48,Texas,texas,0.792383216332999
2010,UT,0.7467911318553092,Female,640,49,Utah,utah,0.7467911318553092
2010,VA,0.75,Female,750,51,Virginia,virginia,0.75
2010,VT,0.8571357822927111,Female,692.3,50,Vermont,vermont,0.8571357822927111
2010,WA,0.76923,Female,769.23,53,Washington,washington,0.76923
2010,WI,0.8181764462565738,Female,692.3,55,Wisconsin,wisconsin,0.8181764462565738
2010,WV,0.6689121314187791,Female,566,54,West Virginia,west virginia,0.6689121314187791
2010,WY,0.679528116826504,Female,623.5350000000001,56,Wyoming,wyoming,0.679528116826504
2011,AK,0.7396442307692308,Female,769.23,02,Alaska,alaska,0.7396442307692308
2011,AL,0.78000078000078,Female,600,01,Alabama,alabama,0.78000078000078
2011,AR,0.8083333333333333,Female,582,05,Arkansas,arkansas,0.8083333333333333
2011,AZ,0.8989882352941176,Female,764.14,04,Arizona,arizona,0.8989882352941176
2011,CA,0.84,Female,840,06,California,california,0.84
2011,CO,0.76923,Female,769.23,08,Colorado,colorado,0.76923
2011,CT,0.7800041600221869,Female,900,09,Connecticut,connecticut,0.7800041600221869
2011,DC,0.8304,Female,1038,11,District of Columbia,district of columbia,0.8304
2011,DE,0.80653719622201,Female,760,10,Delaware,delaware,0.80653719622201
2011,FL,0.8109048723897911,Female,699,12,Florida,florida,0.8109048723897911
2011,GA,0.7564469914040115,Female,660,13,Georgia,georgia,0.7564469914040115
2011,HI,0.7720889832553202,Female,720,15,Hawaii,hawaii,0.7720889832553202
2011,IA,0.8129634715737435,Female,666,19,Iowa,iowa,0.8129634715737435
2011,ID,0.75,Female,600,16,Idaho,idaho,0.75
2011,IL,0.7581666718667125,Female,729,17,Illinois,illinois,0.7581666718667125
2011,IN,0.729988137603796,Female,615.38,18,Indiana,indiana,0.729988137603796
2011,KS,0.7767728365384615,Female,646.275,20,Kansas,kansas,0.7767728365384615
2011,KY,0.7906371911573472,Female,608,21,Kentucky,kentucky,0.7906371911573472
2011,LA,0.6757918552036198,Female,597.4,22,Louisiana,louisiana,0.6757918552036198
2011,MA,0.7625814926320523,Female,865,25,Massachusetts,massachusetts,0.7625814926320523
2011,MD,0.8183538315988647,Female,865,24,Maryland,maryland,0.8183538315988647
2011,ME,0.8,Female,640,23,Maine,maine,0.8
2011,MI,0.7541394335511982,Female,692.3,26,Michigan,michigan,0.7541394335511982
2011,MN,0.7964379256155055,Female,760.2,27,Minnesota,minnesota,0.7964379256155055
2011,MO,0.7469654528478058,Female,640,29,Missouri,missouri,0.7469654528478058
2011,MS,0.7769966329966329,Female,576.92,28,Mississippi,mississippi,0.7769966329966329
2011,MT,0.7742635135135134,Female,572.9549999999999,30,Montana,montana,0.7742635135135134
2011,NC,0.8125,Female,650,37,North Carolina,north carolina,0.8125
2011,ND,0.7857098639329445,Female,634.61,38,North Dakota,north dakota,0.7857098639329445
2011,NE,0.7983051663537003,Female,663.2,31,Nebraska,nebraska,0.7983051663537003
2011,NH,0.7904069555812091,Female,760,33,New Hampshire,new hampshire,0.7904069555812091
2011,NJ,0.7666660888858075,Female,884.61,34,New Jersey,new jersey,0.7666660888858075
2011,NM,0.8193183201460743,Female,673.07,35,New Mexico,new mexico,0.8193183201460743
2011,NV,0.8620689655172413,Female,700,32,Nevada,nevada,0.8620689655172413
2011,NY,0.8400049920439301,Female,807.69,36,New York,new york,0.8400049920439301
2011,OH,0.8419071673538114,Female,680,39,Ohio,ohio,0.8419071673538114
2011,OK,0.75,Female,600,40,Oklahoma,oklahoma,0.75
2011,OR,0.7800650054171181,Female,720,41,Oregon,oregon,0.7800650054171181
2011,PA,0.813953488372093,Female,700,42,Pennsylvania,pennsylvania,0.813953488372093
2011,RI,0.8,Female,800,44,Rhode Island,rhode island,0.8
2011,SC,0.7814289371219164,Female,580,45,South Carolina,south carolina,0.7814289371219164
2011,SD,0.7980371798348004,Female,603.36,46,South Dakota,south dakota,0.7980371798348004
2011,TN,0.818428759100115,Female,598.075,47,Tennessee,tennessee,0.818428759100115
2011,TX,0.8102106567534078,Female,653.84,48,Texas,texas,0.8102106567534078
2011,UT,0.7453344817685903,Female,649,49,Utah,utah,0.7453344817685903
2011,VA,0.7730954773869347,Female,769.23,51,Virginia,virginia,0.7730954773869347
2011,VT,0.8465147777294055,Female,700,50,Vermont,vermont,0.8465147777294055
2011,WA,0.7396442307692308,Female,769.23,53,Washington,washington,0.7396442307692308
2011,WI,0.8128888888888889,Female,695.02,55,Wisconsin,wisconsin,0.8128888888888889
2011,WV,0.7399992571407347,Female,597.69,54,West Virginia,west virginia,0.7399992571407347
2011,WY,0.6898015494004033,Female,650,56,Wyoming,wyoming,0.6898015494004033
2012,AK,0.69626176683562635,Female,769.23,02,Alaska,alaska,0.69626176683562635
2012,AL,0.7529411764705882,Female,640,01,Alabama,alabama,0.7529411764705882
2012,AR,0.8168822328114363,Female,600,05,Arkansas,arkansas,0.8168822328114363
2012,AZ,0.8749526066350711,Female,738.46,04,Arizona,arizona,0.8749526066350711
2012,CA,0.814667873582035,Female,846,06,California,california,0.814667873582035
2012,CO,0.76923,Female,769.23,08,Colorado,colorado,0.76923
2012,CT,0.7445008460236887,Female,880,09,Connecticut,connecticut,0.7445008460236887
2012,DC,0.8849518155915771,Female,1153.84,11,District of Columbia,district of columbia,0.8849518155915771
2012,DE,0.7904069555812091,Female,760,10,Delaware,delaware,0.7904069555812091
2012,FL,0.8284090909090909,Female,729,12,Florida,florida,0.8284090909090909
2012,GA,0.7486582836040866,Female,673.07,13,Georgia,georgia,0.7486582836040866
2012,HI,0.7734021739130434,Female,711.53,15,Hawaii,hawaii,0.7734021739130434
2012,IA,0.7885998828353837,Female,673.07,19,Iowa,iowa,0.7885998828353837
2012,ID,0.7986676490072375,Female,645,16,Idaho,idaho,0.7986676490072375
2012,IL,0.7680051584453944,Female,738.46,17,Illinois,illinois,0.7680051584453944
2012,IN,0.7398843930635838,Female,640,18,Indiana,indiana,0.7398843930635838
2012,KS,0.7463926940639269,Female,653.84,20,Kansas,kansas,0.7463926940639269
2012,KY,0.790701352099312,Female,600,21,Kentucky,kentucky,0.790701352099312
2012,LA,0.7100553846153845,Female,576.92,22,Louisiana,louisiana,0.7100553846153845
2012,MA,0.8063610320604335,Female,852.88,25,Massachusetts,massachusetts,0.8063610320604335
2012,MD,0.8127427178767147,Female,865.38,24,Maryland,maryland,0.8127427178767147
2012,ME,0.8051372517900417,Female,659.5,23,Maine,maine,0.8051372517900417
2012,MI,0.7740838852097129,Female,701.3199999999999,26,Michigan,michigan,0.7740838852097129
2012,MN,0.8320073216644307,Female,800,27,Minnesota,minnesota,0.8320073216644307
2012,MO,0.7792312138728325,Female,674.0350000000001,29,Missouri,missouri,0.7792312138728325
2012,MS,0.72115,Female,576.92,28,Mississippi,mississippi,0.72115
2012,MT,0.7410526315789474,Female,563.2,30,Montana,montana,0.7410526315789474
2012,NC,0.8011904761904762,Female,673,37,North Carolina,north carolina,0.8011904761904762
2012,ND,0.7925547883518463,Female,660,38,North Dakota,north dakota,0.7925547883518463
2012,NE,0.837669094693028,Female,692.3,31,Nebraska,nebraska,0.837669094693028
2012,NH,0.8195272118394642,Female,788,33,New Hampshire,new hampshire,0.8195272118394642
2012,NJ,0.7761296998965161,Female,900,34,New Jersey,new jersey,0.7761296998965161
2012,NM,0.8235783963835355,Female,692.3,35,New Mexico,new mexico,0.8235783963835355
2012,NV,0.762670734243916,Female,660,32,Nevada,nevada,0.762670734243916
2012,NY,0.8320073216644307,Female,800,36,New York,new york,0.8320073216644307
2012,OH,0.8095238095238095,Female,680,39,Ohio,ohio,0.8095238095238095
2012,OK,0.8096406443618339,Female,653.38,40,Oklahoma,oklahoma,0.8096406443618339
2012,OR,0.7914469647332897,Female,761,41,Oregon,oregon,0.7914469647332897
2012,PA,0.8100949871732649,Female,701.04,42,Pennsylvania,pennsylvania,0.8100949871732649
2012,RI,0.8147102764121731,Female,788,44,Rhode Island,rhode island,0.8147102764121731
2012,SC,0.8103946622004916,Female,600,45,South Carolina,south carolina,0.8103946622004916
2012,SD,0.7955449482895783,Female,600,46,South Dakota,south dakota,0.7955449482895783
2012,TN,0.7999947999947999,Female,615.38,47,Tennessee,tennessee,0.7999947999947999
2012,TX,0.7555555555555555,Female,680,48,Texas,texas,0.7555555555555555
2012,UT,0.774516453578413,Female,685.145,49,Utah,utah,0.774516453578413
2012,VA,0.7847308396856348,Female,796.8,51,Virginia,virginia,0.7847308396856348
2012,VT,0.8088932029859714,Female,700,50,Vermont,vermont,0.8088932029859714
2012,WA,0.7396442307692308,Female,769.23,53,Washington,washington,0.7396442307692308
2012,WI,0.7777777777777778,Female,700,55,Wisconsin,wisconsin,0.7777777777777778
2012,WV,0.6933370311308327,Female,600,54,West Virginia,west virginia,0.6933370311308327
2012,WY,0.6596000000000001,Female,659.6,56,Wyoming,wyoming,0.6596000000000001
2013,AK,0.6771899392888118,Female,780.8,02,Alaska,alaska,0.6771899392888118
2013,AL,0.8207317073170731,Female,673,01,Alabama,alabama,0.8207317073170731
2013,AR,0.8611244593945219,Female,627.2,05,Arkansas,arkansas,0.8611244593945219
2013,AZ,0.7800058500438752,Female,720,04,Arizona,arizona,0.7800058500438752
2013,CA,0.84,Female,840,06,California,california,0.84
2013,CO,0.7563652866151708,Female,800,08,Colorado,colorado,0.7563652866151708
2013,CT,0.7999375996671982,Female,923,09,Connecticut,connecticut,0.7999375996671982
2013,DC,0.8854882442521264,Female,1192,11,District of Columbia,district of columbia,0.8854882442521264
2013,DE,0.7910309610724575,Female,760.6,10,Delaware,delaware,0.7910309610724575
2013,FL,0.8181818181818182,Female,720,12,Florida,florida,0.8181818181818182
2013,GA,0.7948666666666666,Female,715.38,13,Georgia,georgia,0.7948666666666666
2013,HI,0.8525897277562915,Female,787,15,Hawaii,hawaii,0.8525897277562915
2013,IA,0.7682539682539683,Female,677.6,19,Iowa,iowa,0.7682539682539683
2013,ID,0.8716588240609852,Female,675.2,16,Idaho,idaho,0.8716588240609852
2013,IL,0.799767037949934,Female,769,17,Illinois,illinois,0.799767037949934
2013,IN,0.7602790697674419,Female,653.84,18,Indiana,indiana,0.7602790697674419
2013,KS,0.7668711656441718,Female,650,20,Kansas,kansas,0.7668711656441718
2013,KY,0.8026315789473685,Female,610,21,Kentucky,kentucky,0.8026315789473685
2013,LA,0.6933370311308327,Female,600,22,Louisiana,louisiana,0.6933370311308327
2013,MA,0.7650753768844221,Female,913.5,25,Massachusetts,massachusetts,0.7650753768844221
2013,MD,0.8363686131386862,Female,916.66,24,Maryland,maryland,0.8363686131386862
2013,ME,0.8602278120550546,Female,688.75,23,Maine,maine,0.8602278120550546
2013,MI,0.8,Female,720,26,Michigan,michigan,0.8
2013,MN,0.808235924066235,Female,800,27,Minnesota,minnesota,0.808235924066235
2013,MO,0.7861271676300579,Female,680,29,Missouri,missouri,0.7861271676300579
2013,MS,0.7968959058067969,Female,595.6,28,Mississippi,mississippi,0.7968959058067969
2013,MT,0.75,Female,600,30,Montana,montana,0.75
2013,NC,0.8094974620510477,Female,673,37,North Carolina,north carolina,0.8094974620510477
2013,ND,0.7675847081781089,Female,692.3,38,North Dakota,north dakota,0.7675847081781089
2013,NE,0.8235294117647058,Female,700,31,Nebraska,nebraska,0.8235294117647058
2013,NH,0.8320073216644307,Female,800,33,New Hampshire,new hampshire,0.8320073216644307
2013,NJ,0.749670664910213,Female,865,34,New Jersey,new jersey,0.749670664910213
2013,NM,0.726488888888889,Female,653.84,35,New Mexico,new mexico,0.726488888888889
2013,NV,0.875,Female,700,32,Nevada,nevada,0.875
2013,NY,0.8318040269712456,Female,800,36,New York,new york,0.8318040269712456
2013,OH,0.8036627906976744,Female,691.15,39,Ohio,ohio,0.8036627906976744
2013,OK,0.736,Female,588.8,40,Oklahoma,oklahoma,0.736
2013,OR,0.7942636514065086,Female,720,41,Oregon,oregon,0.7942636514065086
2013,PA,0.8005222640485639,Female,708.1500000000001,42,Pennsylvania,pennsylvania,0.8005222640485639
2013,RI,0.80769,Female,807.69,44,Rhode Island,rhode island,0.80769
2013,SC,0.769225,Female,615.38,45,South Carolina,south carolina,0.769225
2013,SD,0.7801174076698543,Female,600,46,South Dakota,south dakota,0.7801174076698543
2013,TN,0.8749008749008749,Female,673,47,Tennessee,tennessee,0.8749008749008749
2013,TX,0.7478555555555556,Female,673.07,48,Texas,texas,0.7478555555555556
2013,UT,0.7881381733021078,Female,673.07,49,Utah,utah,0.7881381733021078
2013,VA,0.823953766440813,Female,826.92,51,Virginia,virginia,0.823953766440813
2013,VT,0.9110233829334953,Female,750,50,Vermont,vermont,0.9110233829334953
2013,WA,0.8,Female,800,53,Washington,washington,0.8
2013,WI,0.8181818181818182,Female,720,55,Wisconsin,wisconsin,0.8181818181818182
2013,WV,0.7523148148148148,Female,650,54,West Virginia,west virginia,0.7523148148148148
2013,WY,0.68,Female,680,56,Wyoming,wyoming,0.68
2014,AK,0.8124165246626445,Female,882,02,Alaska,alaska,0.8124165246626445
2014,AL,0.7547619047619047,Female,634,01,Alabama,alabama,0.7547619047619047
2014,AR,0.8252405721716515,Female,634.61,05,Arkansas,arkansas,0.8252405721716515
2014,AZ,0.7716641208142393,Female,712.3,04,Arizona,arizona,0.7716641208142393
2014,CA,0.865,Female,865,06,California,california,0.865
2014,CO,0.7703715116614988,Female,800,08,Colorado,colorado,0.7703715116614988
2014,CT,0.7672246313963573,Female,884.61,09,Connecticut,connecticut,0.7672246313963573
2014,DC,0.8714259183597667,Female,1173.07,11,District of Columbia,district of columbia,0.8714259183597667
2014,DE,0.8888927407612841,Female,769.23,10,Delaware,delaware,0.8888927407612841
2014,FL,0.8331599990755506,Female,721,12,Florida,florida,0.8331599990755506
2014,GA,0.7999953777531258,Female,692.3,13,Georgia,georgia,0.7999953777531258
2014,HI,0.9160227272727273,Female,806.1,15,Hawaii,hawaii,0.9160227272727273
2014,IA,0.8004626951995373,Female,692,19,Iowa,iowa,0.8004626951995373
2014,ID,0.8749008749008749,Female,673,16,Idaho,idaho,0.8749008749008749
2014,IL,0.8116545265348595,Female,780,17,Illinois,illinois,0.8116545265348595
2014,IN,0.7692228571428572,Female,673.07,18,Indiana,indiana,0.7692228571428572
2014,KS,0.7807995495495494,Female,693.3499999999999,20,Kansas,kansas,0.7807995495495494
2014,KY,0.75,Female,600,21,Kentucky,kentucky,0.75
2014,LA,0.7550671381358479,Female,653.4200000000001,22,Louisiana,louisiana,0.7550671381358479
2014,MA,0.8603217494005224,Female,961.53,25,Massachusetts,massachusetts,0.8603217494005224
2014,MD,0.8722727272727273,Female,959.5,24,Maryland,maryland,0.8722727272727273
2014,ME,0.8323074613421408,Female,693,23,Maine,maine,0.8323074613421408
2014,MI,0.7799509280874412,Female,720,26,Michigan,michigan,0.7799509280874412
2014,MN,0.8184941224158898,Female,807.69,27,Minnesota,minnesota,0.8184941224158898
2014,MO,0.7615890452511727,Female,703,29,Missouri,missouri,0.7615890452511727
2014,MS,0.769225,Female,615.38,28,Mississippi,mississippi,0.769225
2014,MT,0.7433102081268582,Female,600,30,Montana,montana,0.7433102081268582
2014,NC,0.8475219453007962,Female,684.5350000000001,37,North Carolina,north carolina,0.8475219453007962
2014,ND,0.75,Female,690,38,North Dakota,north dakota,0.75
2014,NE,0.816355589306691,Female,688,31,Nebraska,nebraska,0.816355589306691
2014,NH,0.822855241126122,Female,791.2,33,New Hampshire,new hampshire,0.822855241126122
2014,NJ,0.7338031222896791,Female,846.075,34,New Jersey,new jersey,0.7338031222896791
2014,NM,0.7572794779477948,Female,673.07,35,New Mexico,new mexico,0.7572794779477948
2014,NV,0.8291017964071856,Female,692.3,32,Nevada,nevada,0.8291017964071856
2014,NY,0.8329641969839955,Female,865,36,New York,new york,0.8329641969839955
2014,OH,0.7777739259053826,Female,673.07,39,Ohio,ohio,0.7777739259053826
2014,OK,0.7980629539951575,Female,659.2,40,Oklahoma,oklahoma,0.7980629539951575
2014,OR,0.7697368421052632,Female,760.5,41,Oregon,oregon,0.7697368421052632
2014,PA,0.7695165313378974,Female,725,42,Pennsylvania,pennsylvania,0.7695165313378974
2014,RI,0.85,Female,850,44,Rhode Island,rhode island,0.85
2014,SC,0.762782373143714,Female,630.76,45,South Carolina,south carolina,0.762782373143714
2014,SD,0.7721739130434783,Female,621.6,46,South Dakota,south dakota,0.7721739130434783
2014,TN,0.875253576072822,Female,673.07,47,Tennessee,tennessee,0.875253576072822
2014,TX,0.7583390208759898,Female,700,48,Texas,texas,0.7583390208759898
2014,UT,0.7257446808510639,Female,682.2,49,Utah,utah,0.7257446808510639
2014,VA,0.8463225445607218,Female,862.5,51,Virginia,virginia,0.8463225445607218
2014,VT,0.8782269060990547,Female,760,50,Vermont,vermont,0.8782269060990547
2014,WA,0.846075,Female,846.075,53,Washington,washington,0.846075
2014,WI,0.8,Female,732,55,Wisconsin,wisconsin,0.8
2014,WV,0.8208170731707317,Female,673.07,54,West Virginia,west virginia,0.8208170731707317
2014,WY,0.6639879310429004,Female,680,56,Wyoming,wyoming,0.6639879310429004
2015,AK,0.7563487979488845,Female,837.8,02,Alaska,alaska,0.7563487979488845
2015,AL,0.7211764705882353,Female,613,01,Alabama,alabama,0.7211764705882353
2015,AR,0.7916312500000001,Female,633.3050000000001,05,Arkansas,arkansas,0.7916312500000001
2015,AZ,0.7777777777777778,Female,700,04,Arizona,arizona,0.7777777777777778
2015,CA,0.7941835509459293,Female,840,06,California,california,0.7941835509459293
2015,CO,0.795475,Female,795.475,08,Colorado,colorado,0.795475
2015,CT,0.8328711086459128,Female,961,09,Connecticut,connecticut,0.8328711086459128
2015,DC,0.8450687720634548,Female,1153.84,11,District of Columbia,district of columbia,0.8450687720634548
2015,DE,0.8886269615660173,Female,769,10,Delaware,delaware,0.8886269615660173
2015,FL,0.8666712889135408,Female,750,12,Florida,florida,0.8666712889135408
2015,GA,0.8023065011902285,Female,694.3,13,Georgia,georgia,0.8023065011902285
2015,HI,0.875004062530469,Female,807.69,15,Hawaii,hawaii,0.875004062530469
2015,IA,0.7990929705215419,Female,704.8,19,Iowa,iowa,0.7990929705215419
2015,ID,0.8105566126351791,Female,673.07,16,Idaho,idaho,0.8105566126351791
2015,IL,0.795,Female,795,17,Illinois,illinois,0.795
2015,IN,0.7777777777777778,Female,700,18,Indiana,indiana,0.7777777777777778
2015,KS,0.7499972916463539,Female,692.3,20,Kansas,kansas,0.7499972916463539
2015,KY,0.8104942609510425,Female,692,21,Kentucky,kentucky,0.8104942609510425
2015,LA,0.7511151170584021,Female,650,22,Louisiana,louisiana,0.7511151170584021
2015,MA,0.823937554206418,Female,950,25,Massachusetts,massachusetts,0.823937554206418
2015,MD,0.8727272727272727,Female,960,24,Maryland,maryland,0.8727272727272727
2015,ME,0.7915219931214929,Female,721.5,23,Maine,maine,0.7915219931214929
2015,MI,0.75,Female,720,26,Michigan,michigan,0.75
2015,MN,0.84,Female,840,27,Minnesota,minnesota,0.84
2015,MO,0.7691428571428571,Female,673,29,Missouri,missouri,0.7691428571428571
2015,MS,0.74,Female,592,28,Mississippi,mississippi,0.74
2015,MT,0.8157603007388415,Female,658.6,30,Montana,montana,0.8157603007388415
2015,NC,0.7958931336522683,Female,688.75,37,North Carolina,north carolina,0.7958931336522683
2015,ND,0.7499972916463539,Female,692.3,38,North Dakota,north dakota,0.7499972916463539
2015,NE,0.7696714656542671,Female,673.07,31,Nebraska,nebraska,0.7696714656542671
2015,NH,0.799767037949934,Female,769,33,New Hampshire,new hampshire,0.799767037949934
2015,NJ,0.8328711086459128,Female,961,34,New Jersey,new jersey,0.8328711086459128
2015,NM,0.7511151170584021,Female,650,35,New Mexico,new mexico,0.7511151170584021
2015,NV,0.7917226435536294,Female,730.76,32,Nevada,nevada,0.7917226435536294
2015,NY,0.8477014287102731,Female,872.2,36,New York,new york,0.8477014287102731
2015,OH,0.8196952516345952,Female,726.5,39,Ohio,ohio,0.8196952516345952
2015,OK,0.7464488636363636,Female,656.875,40,Oklahoma,oklahoma,0.7464488636363636
2015,OR,0.7804370447450573,Female,750,41,Oregon,oregon,0.7804370447450573
2015,PA,0.7614583333333333,Female,731,42,Pennsylvania,pennsylvania,0.7614583333333333
2015,RI,0.8,Female,800,44,Rhode Island,rhode island,0.8
2015,SC,0.8128749999999999,Female,650.3,45,South Carolina,south carolina,0.8128749999999999
2015,SD,0.7949260042283298,Female,639.2,46,South Dakota,south dakota,0.7949260042283298
2015,TN,0.8178438661710037,Female,660,47,Tennessee,tennessee,0.8178438661710037
2015,TX,0.7407806882383153,Female,721.15,48,Texas,texas,0.7407806882383153
2015,UT,0.7525,Female,692.3,49,Utah,utah,0.7525
2015,VA,0.7818169785097712,Female,826.92,51,Virginia,virginia,0.7818169785097712
2015,VT,0.8510687732342007,Female,769.23,50,Vermont,vermont,0.8510687732342007
2015,WA,0.7765056027340027,Female,827.06,53,Washington,washington,0.7765056027340027
2015,WI,0.7787721123829344,Female,748.4,55,Wisconsin,wisconsin,0.7787721123829344
2015,WV,0.8056733167082294,Female,646.15,54,West Virginia,west virginia,0.8056733167082294
2015,WY,0.6795005202913632,Female,653,56,Wyoming,wyoming,0.6795005202913632
2016,AK,0.8201304753028891,Female,880,02,Alaska,alaska,0.8201304753028891
2016,AL,0.7478555555555556,Female,673.07,01,Alabama,alabama,0.7478555555555556
2016,AR,0.8173,Female,653.84,05,Arkansas,arkansas,0.8173
2016,AZ,0.8935154452115419,Female,807.595,04,Arizona,arizona,0.8935154452115419
2016,CA,0.827274532235343,Female,875,06,California,california,0.827274532235343
2016,CO,0.8307599999999999,Female,830.76,08,Colorado,colorado,0.8307599999999999
2016,CT,0.7511163570031283,Female,910,09,Connecticut,connecticut,0.7511163570031283
2016,DC,0.8266657422172918,Female,1192.3,11,District of Columbia,district of columbia,0.8266657422172918
2016,DE,0.8397502601456815,Female,807,10,Delaware,delaware,0.8397502601456815
2016,FL,0.861276986678916,Female,750,12,Florida,florida,0.861276986678916
2016,GA,0.8444444444444444,Female,760,13,Georgia,georgia,0.8444444444444444
2016,HI,0.8004474505723205,Female,769.23,15,Hawaii,hawaii,0.8004474505723205
2016,IA,0.7346325423586821,Female,701.53,19,Iowa,iowa,0.7346325423586821
2016,ID,0.7616079545454546,Female,670.215,16,Idaho,idaho,0.7616079545454546
2016,IL,0.7634815515610217,Female,807,17,Illinois,illinois,0.7634815515610217
2016,IN,0.8224407171775593,Female,711,18,Indiana,indiana,0.8224407171775593
2016,KS,0.7977777777777778,Female,718,20,Kansas,kansas,0.7977777777777778
2016,KY,0.8112043264230743,Female,702,21,Kentucky,kentucky,0.8112043264230743
2016,LA,0.76,Female,684,22,Louisiana,louisiana,0.76
2016,MA,0.8396247680810113,Female,968.44,25,Massachusetts,massachusetts,0.8396247680810113
2016,MD,0.804190189436708,Female,961.53,24,Maryland,maryland,0.804190189436708
2016,ME,0.8103266596417281,Female,769,23,Maine,maine,0.8103266596417281
2016,MI,0.7916666666666666,Female,760,26,Michigan,michigan,0.7916666666666666
2016,MN,0.8297972654408298,Female,880,27,Minnesota,minnesota,0.8297972654408298
2016,MO,0.7925849276766253,Female,720,29,Missouri,missouri,0.7925849276766253
2016,MS,0.7863816604708799,Female,634.61,28,Mississippi,mississippi,0.7863816604708799
2016,MT,0.8181818181818182,Female,720,30,Montana,montana,0.8181818181818182
2016,NC,0.7728260869565218,Female,711,37,North Carolina,north carolina,0.7728260869565218
2016,ND,0.7488065894979876,Female,720,38,North Dakota,north dakota,0.7488065894979876
2016,NE,0.8222222222222222,Female,740,31,Nebraska,nebraska,0.8222222222222222
2016,NH,0.7559257075471698,Female,769.23,33,New Hampshire,new hampshire,0.7559257075471698
2016,NJ,0.784,Female,980,34,New Jersey,new jersey,0.784
2016,NM,0.8373705882352941,Female,711.765,35,New Mexico,new mexico,0.8373705882352941
2016,NV,0.75,Female,744,32,Nevada,nevada,0.75
2016,NY,0.827274532235343,Female,875,36,New York,new york,0.827274532235343
2016,OH,0.7884735612516863,Female,718.875,39,Ohio,ohio,0.7884735612516863
2016,OK,0.7477777777777778,Female,673,40,Oklahoma,oklahoma,0.7477777777777778
2016,OR,0.8333163265306123,Female,816.65,41,Oregon,oregon,0.8333163265306123
2016,PA,0.7800068640604038,Female,750,42,Pennsylvania,pennsylvania,0.7800068640604038
2016,RI,0.8402365632785965,Female,807.69,44,Rhode Island,rhode island,0.8402365632785965
2016,SC,0.7527085590465872,Female,694.75,45,South Carolina,south carolina,0.7527085590465872
2016,SD,0.7573426966292136,Female,674.0350000000001,46,South Dakota,south dakota,0.7573426966292136
2016,TN,0.7862196531791908,Female,680.08,47,Tennessee,tennessee,0.7862196531791908
2016,TX,0.7800068640604038,Female,750,48,Texas,texas,0.7800068640604038
2016,UT,0.7032,Female,703.2,49,Utah,utah,0.7032
2016,VA,0.8091763036337748,Female,861,51,Virginia,virginia,0.8091763036337748
2016,VT,0.8695652173913043,Female,800,50,Vermont,vermont,0.8695652173913043
2016,WA,0.7478611111111112,Female,807.69,53,Washington,washington,0.7478611111111112
2016,WI,0.7654467359312762,Female,736,55,Wisconsin,wisconsin,0.7654467359312762
2016,WV,0.7961820240819062,Female,689,54,West Virginia,west virginia,0.7961820240819062
2016,WY,0.6958897243107769,Female,694.15,56,Wyoming,wyoming,0.6958897243107769
2017,AK,0.8161751951431049,Female,941.05,02,Alaska,alaska,0.8161751951431049
2017,AL,0.7478166666666668,Female,673.0350000000001,01,Alabama,alabama,0.7478166666666668
2017,AR,0.8087373499646976,Female,687.265,05,Arkansas,arkansas,0.8087373499646976
2017,AZ,0.8,Female,800,04,Arizona,arizona,0.8
2017,CA,0.8035714285714286,Female,900,06,California,california,0.8035714285714286
2017,CO,0.8251800500309738,Female,872.5,08,Colorado,colorado,0.8251800500309738
2017,CT,0.8535809856299642,Female,1000,09,Connecticut,connecticut,0.8535809856299642
2017,DC,0.8333333333333334,Female,1250,11,District of Columbia,district of columbia,0.8333333333333334
2017,DE,0.8404682622268471,Female,807.69,10,Delaware,delaware,0.8404682622268471
2017,FL,0.8701696832579185,Female,769.23,12,Florida,florida,0.8701696832579185
2017,GA,0.8061002178649237,Female,740,13,Georgia,georgia,0.8061002178649237
2017,HI,0.8278653846153846,Female,860.98,15,Hawaii,hawaii,0.8278653846153846
2017,IA,0.8306912885436977,Female,769,19,Iowa,iowa,0.8306912885436977
2017,ID,0.7745891427519039,Female,715,16,Idaho,idaho,0.7745891427519039
2017,IL,0.7523148148148148,Female,812.5,17,Illinois,illinois,0.7523148148148148
2017,IN,0.7604562737642586,Female,720,18,Indiana,indiana,0.7604562737642586
2017,KS,0.8320073216644307,Female,800,20,Kansas,kansas,0.8320073216644307
2017,KY,0.8181550301601609,Female,708.015,21,Kentucky,kentucky,0.8181550301601609
2017,LA,0.775,Female,713,22,Louisiana,louisiana,0.775
2017,MA,0.7791681600723067,Female,1000,25,Massachusetts,massachusetts,0.7791681600723067
2017,MD,0.87,Female,1044,24,Maryland,maryland,0.87
2017,ME,0.8004474505723205,Female,769.23,23,Maine,maine,0.8004474505723205
2017,MI,0.8083543505674653,Female,769.23,26,Michigan,michigan,0.8083543505674653
2017,MN,0.8183538315988647,Female,865,27,Minnesota,minnesota,0.8183538315988647
2017,MO,0.7804370447450573,Female,750,29,Missouri,missouri,0.7804370447450573
2017,MS,0.8240000000000001,Female,659.2,28,Mississippi,mississippi,0.8240000000000001
2017,MT,0.8139179977617255,Female,720,30,Montana,montana,0.8139179977617255
2017,NC,0.8324661810613944,Female,800,37,North Carolina,north carolina,0.8324661810613944
2017,ND,0.7943308550185874,Female,769.23,38,North Dakota,north dakota,0.7943308550185874
2017,NE,0.8324661810613944,Female,800,31,Nebraska,nebraska,0.8324661810613944
2017,NH,0.8476987529801909,Female,864,33,New Hampshire,new hampshire,0.8476987529801909
2017,NJ,0.8182636445462729,Female,1000,34,New Jersey,new jersey,0.8182636445462729
2017,NM,0.8638690476190476,Female,725.65,35,New Mexico,new mexico,0.8638690476190476
2017,NV,0.8092580287929125,Female,730.76,32,Nevada,nevada,0.8092580287929125
2017,NY,0.8300182481751825,Female,909.7,36,New York,new york,0.8300182481751825
2017,OH,0.8233395083796461,Female,760,39,Ohio,ohio,0.8233395083796461
2017,OK,0.7408421052631579,Female,703.8,40,Oklahoma,oklahoma,0.7408421052631579
2017,OR,0.8,Female,800,41,Oregon,oregon,0.8
2017,PA,0.788,Female,788,42,Pennsylvania,pennsylvania,0.788
2017,RI,0.8190017869129896,Female,866.25,44,Rhode Island,rhode island,0.8190017869129896
2017,SC,0.7583390208759898,Female,700,45,South Carolina,south carolina,0.7583390208759898
2017,SD,0.790296803652968,Female,692.3,46,South Dakota,south dakota,0.790296803652968
2017,TN,0.7913091644905664,Female,700,47,Tennessee,tennessee,0.7913091644905664
2017,TX,0.76923,Female,769.23,48,Texas,texas,0.76923
2017,UT,0.711265,Female,711.265,49,Utah,utah,0.711265
2017,VA,0.7749926006875668,Female,851,51,Virginia,virginia,0.7749926006875668
2017,VT,0.8759282700421941,Female,830.38,50,Vermont,vermont,0.8759282700421941
2017,WA,0.7392797232124135,Female,846.15,53,Washington,washington,0.7392797232124135
2017,WI,0.8110301768990634,Female,779.4,55,Wisconsin,wisconsin,0.8110301768990634
2017,WV,0.8012738095238096,Female,673.07,54,West Virginia,west virginia,0.8012738095238096
2017,WY,0.6951115316106796,Female,720,56,Wyoming,wyoming,0.6951115316106796
2018,AK,0.8146710115787285,Female,940,02,Alaska,alaska,0.8146710115787285
2018,AL,0.7290464156084574,Female,701,01,Alabama,alabama,0.7290464156084574
2018,AR,0.8207692307692307,Female,693.55,05,Arkansas,arkansas,0.8207692307692307
2018,AZ,0.8,Female,800,04,Arizona,arizona,0.8
2018,CA,0.8615897720956086,Female,961,06,California,california,0.8615897720956086
2018,CO,0.7941990378609574,Female,960,08,Colorado,colorado,0.7941990378609574
2018,CT,0.769224,Female,961.53,09,Connecticut,connecticut,0.769224
2018,DC,0.8235297716274831,Female,1346.15,11,District of Columbia,district of columbia,0.8235297716274831
2018,DE,0.856,Female,856,10,Delaware,delaware,0.856
2018,FL,0.8000062400549125,Female,769.23,12,Florida,florida,0.8000062400549125
2018,GA,0.8004474505723205,Female,769.23,13,Georgia,georgia,0.8004474505723205
2018,HI,0.8210555124754823,Female,900,15,Hawaii,hawaii,0.8210555124754823
2018,IA,0.7730954773869347,Female,769.23,19,Iowa,iowa,0.7730954773869347
2018,ID,0.8111111111111111,Female,730,16,Idaho,idaho,0.8111111111111111
2018,IL,0.7632263660017347,Female,880,17,Illinois,illinois,0.7632263660017347
2018,IN,0.7800068640604038,Female,750,18,Indiana,indiana,0.7800068640604038
2018,KS,0.7913719834926284,Female,773.76,20,Kansas,kansas,0.7913719834926284
2018,KY,0.8181818181818182,Female,720,21,Kentucky,kentucky,0.8181818181818182
2018,LA,0.7387358700843815,Female,696,22,Louisiana,louisiana,0.7387358700843815
2018,MA,0.8456,Female,1057,25,Massachusetts,massachusetts,0.8456
2018,MD,0.7786767167874913,Female,1000,24,Maryland,maryland,0.7786767167874913
2018,ME,0.860926600728787,Female,826.92,23,Maine,maine,0.860926600728787
2018,MI,0.80769,Female,807.69,26,Michigan,michigan,0.80769
2018,MN,0.866671288913541,Female,1000,27,Minnesota,minnesota,0.866671288913541
2018,MO,0.8320073216644307,Female,800,29,Missouri,missouri,0.8320073216644307
2018,MS,0.7881656804733728,Female,666,28,Mississippi,mississippi,0.7881656804733728
2018,MT,0.7864816424071257,Female,724.035,30,Montana,montana,0.7864816424071257
2018,NC,0.8185474860335196,Female,769.23,37,North Carolina,north carolina,0.8185474860335196
2018,ND,0.7491740751085983,Female,777.815,38,North Dakota,north dakota,0.7491740751085983
2018,NE,0.7712,Female,771.2,31,Nebraska,nebraska,0.7712
2018,NH,0.8357507605388962,Female,923.07,33,New Hampshire,new hampshire,0.8357507605388962
2018,NJ,0.7848808866066496,Female,966,34,New Jersey,new jersey,0.7848808866066496
2018,NM,0.8330895815051946,Female,769,35,New Mexico,new mexico,0.8330895815051946
2018,NV,0.874125,Female,769.23,32,Nevada,nevada,0.874125
2018,NY,0.8253968253968254,Female,936,36,New York,new york,0.8253968253968254
2018,OH,0.8080808080808081,Female,800,39,Ohio,ohio,0.8080808080808081
2018,OK,0.7409261576971214,Female,740,40,Oklahoma,oklahoma,0.7409261576971214
2018,OR,0.7887608594967089,Female,843,41,Oregon,oregon,0.7887608594967089
2018,PA,0.807,Female,807,42,Pennsylvania,pennsylvania,0.807
2018,RI,0.8017857142857143,Female,898,44,Rhode Island,rhode island,0.8017857142857143
2018,SC,0.7904069555812091,Female,760,45,South Carolina,south carolina,0.7904069555812091
2018,SD,0.8377777777777777,Female,754,46,South Dakota,south dakota,0.8377777777777777
2018,TN,0.7800650054171181,Female,720,47,Tennessee,tennessee,0.7800650054171181
2018,TX,0.7407410973942183,Female,769.23,48,Texas,texas,0.7407410973942183
2018,UT,0.7216455135489089,Female,749.4,49,Utah,utah,0.7216455135489089
2018,VA,0.7547181266261926,Female,870.19,51,Virginia,virginia,0.7547181266261926
2018,VT,0.84615,Female,846.15,50,Vermont,vermont,0.84615
2018,WA,0.7877858934947725,Female,920,53,Washington,washington,0.7877858934947725
2018,WI,0.7945967421533572,Female,800,55,Wisconsin,wisconsin,0.7945967421533572
2018,WV,0.7477777777777778,Female,673,54,West Virginia,west virginia,0.7477777777777778
2018,WY,0.6807904761904762,Female,714.8299999999999,56,Wyoming,wyoming,0.6807904761904762
2019,AK,0.8328711086459128,Female,961,02,Alaska,alaska,0.8328711086459128
2019,AL,0.7448979591836735,Female,730,01,Alabama,alabama,0.7448979591836735
2019,AR,0.823516361619523,Female,742.4,05,Arkansas,arkansas,0.823516361619523
2019,AZ,0.7989108339872741,Female,845,04,Arizona,arizona,0.7989108339872741
2019,CA,0.8356521739130435,Female,961,06,California,california,0.8356521739130435
2019,CO,0.8278346965131296,Female,961.53,08,Colorado,colorado,0.8278346965131296
2019,CT,0.8333333333333334,Female,1000,09,Connecticut,connecticut,0.8333333333333334
2019,DC,0.8999921477195165,Female,1490,11,District of Columbia,district of columbia,0.8999921477195165
2019,DE,0.8351929911562939,Female,858.925,10,Delaware,delaware,0.8351929911562939
2019,FL,0.8320073216644307,Female,800,12,Florida,florida,0.8320073216644307
2019,GA,0.7759456838021338,Female,800,13,Georgia,georgia,0.7759456838021338
2019,HI,0.8006528845343542,Female,902.58,15,Hawaii,hawaii,0.8006528845343542
2019,IA,0.8002564102564103,Female,780.25,19,Iowa,iowa,0.8002564102564103
2019,ID,0.7244277021153289,Female,700,16,Idaho,idaho,0.7244277021153289
2019,IL,0.7999375996671982,Female,923,17,Illinois,illinois,0.7999375996671982
2019,IN,0.76,Female,760,18,Indiana,indiana,0.76
2019,KS,0.7958046030805072,Female,765.19,20,Kansas,kansas,0.7958046030805072
2019,KY,0.7768797684819785,Female,738.23,21,Kentucky,kentucky,0.7768797684819785
2019,LA,0.7395,Female,739.5,22,Louisiana,louisiana,0.7395
2019,MA,0.846152,Female,1057.69,25,Massachusetts,massachusetts,0.846152
2019,MD,0.87692,Female,1096.15,24,Maryland,maryland,0.87692
2019,ME,0.8,Female,800,23,Maine,maine,0.8
2019,MI,0.8185,Female,818.5,26,Michigan,michigan,0.8185
2019,MN,0.8233377244678639,Female,950,27,Minnesota,minnesota,0.8233377244678639
2019,MO,0.7834951456310679,Female,807,29,Missouri,missouri,0.7834951456310679
2019,MS,0.7912312955248888,Female,680,28,Mississippi,mississippi,0.7912312955248888
2019,MT,0.7800068640604038,Female,750,30,Montana,montana,0.7800068640604038
2019,NC,0.8397502601456815,Female,807,37,North Carolina,north carolina,0.8397502601456815
2019,ND,0.7272727272727273,Female,800,38,North Dakota,north dakota,0.7272727272727273
2019,NE,0.8448979591836735,Female,828,31,Nebraska,nebraska,0.8448979591836735
2019,NH,0.7800041600221869,Female,900,33,New Hampshire,new hampshire,0.7800041600221869
2019,NJ,0.748725899545622,Female,975.5,34,New Jersey,new jersey,0.748725899545622
2019,NM,0.7916666666666666,Female,760,35,New Mexico,new mexico,0.7916666666666666
2019,NV,0.8102,Female,810.2,32,Nevada,nevada,0.8102
2019,NY,0.8416678222283852,Female,971.15,36,New York,new york,0.8416678222283852
2019,OH,0.8105769230769231,Female,843,39,Ohio,ohio,0.8105769230769231
2019,OK,0.7804370447450573,Female,750,40,Oklahoma,oklahoma,0.7804370447450573
2019,OR,0.7632263660017347,Female,880,41,Oregon,oregon,0.7632263660017347
2019,PA,0.7803355442840421,Female,840,42,Pennsylvania,pennsylvania,0.7803355442840421
2019,RI,0.833937554206418,Female,961.53,44,Rhode Island,rhode island,0.833937554206418
2019,SC,0.76,Female,760,45,South Carolina,south carolina,0.76
2019,SD,0.76923,Female,769.23,46,South Dakota,south dakota,0.76923
2019,TN,0.7797149362193182,Female,750,47,Tennessee,tennessee,0.7797149362193182
2019,TX,0.7818169785097712,Female,826.92,48,Texas,texas,0.7818169785097712
2019,UT,0.7407410973942183,Female,769.23,49,Utah,utah,0.7407410973942183
2019,VA,0.769224,Female,961.53,51,Virginia,virginia,0.769224
2019,VT,0.8276909397229502,Female,884.3050000000001,50,Vermont,vermont,0.8276909397229502
2019,WA,0.75,Female,900,53,Washington,washington,0.75
2019,WI,0.7952380952380952,Female,835,55,Wisconsin,wisconsin,0.7952380952380952
2019,WV,0.8415051311288484,Female,738,54,West Virginia,west virginia,0.8415051311288484
2019,WY,0.7207251944158156,Female,769.23,56,Wyoming,wyoming,0.7207251944158156
2020,AK,0.8620689655172413,Female,1000,02,Alaska,alaska,0.8620689655172413
2020,AL,0.807,Female,807,01,Alabama,alabama,0.807
2020,AR,0.8320073216644307,Female,800,05,Arkansas,arkansas,0.8320073216644307
2020,AZ,0.8861176470588236,Female,903.84,04,Arizona,arizona,0.8861176470588236
2020,CA,0.846152,Female,1057.69,06,California,california,0.846152
2020,CO,0.7877192307692307,Female,1024.0349999999999,08,Colorado,colorado,0.7877192307692307
2020,CT,0.9615384615384616,Female,1250,09,Connecticut,connecticut,0.9615384615384616
2020,DC,0.840946200326563,Female,1617.19,11,District of Columbia,district of columbia,0.840946200326563
2020,DE,0.7851088929219602,Female,865.19,10,Delaware,delaware,0.7851088929219602
2020,FL,0.8176728760470356,Female,865.38,12,Florida,florida,0.8176728760470356
2020,GA,0.722648816852851,Female,807,13,Georgia,georgia,0.722648816852851
2020,HI,0.7998335414065751,Female,961,15,Hawaii,hawaii,0.7998335414065751
2020,IA,0.8181792396637956,Female,865.38,19,Iowa,iowa,0.8181792396637956
2020,ID,0.7452876347341649,Female,769.23,16,Idaho,idaho,0.7452876347341649
2020,IL,0.781490271298298,Female,961.53,17,Illinois,illinois,0.781490271298298
2020,IN,0.7489290284294272,Female,807.69,18,Indiana,indiana,0.7489290284294272
2020,KS,0.83475,Female,834.75,20,Kansas,kansas,0.83475
2020,KY,0.7800068640604038,Female,750,21,Kentucky,kentucky,0.7800068640604038
2020,LA,0.7508212106992023,Female,800,22,Louisiana,louisiana,0.7508212106992023
2020,MA,0.8666700370501441,Female,1200,25,Massachusetts,massachusetts,0.8666700370501441
2020,MD,0.8565167329049511,Female,1153,24,Maryland,maryland,0.8565167329049511
2020,ME,0.7563652866151708,Female,800,23,Maine,maine,0.7563652866151708
2020,MI,0.8027923211169284,Female,920,26,Michigan,michigan,0.8027923211169284
2020,MN,0.8387150884844419,Female,1000,27,Minnesota,minnesota,0.8387150884844419
2020,MO,0.7733835055640121,Female,818,29,Missouri,missouri,0.7733835055640121
2020,MS,0.7500551511140525,Female,680,28,Mississippi,mississippi,0.7500551511140525
2020,MT,0.802340206185567,Female,778.27,30,Montana,montana,0.802340206185567
2020,NC,0.825685903500473,Female,872.75,37,North Carolina,north carolina,0.825685903500473
2020,ND,0.7968343697003957,Female,881,38,North Dakota,north dakota,0.7968343697003957
2020,NE,0.827274532235343,Female,875,31,Nebraska,nebraska,0.827274532235343
2020,NH,0.8456443349501735,Female,992,33,New Hampshire,new hampshire,0.8456443349501735
2020,NJ,0.7857148163280466,Female,1057.69,34,New Jersey,new jersey,0.7857148163280466
2020,NM,0.8190012133351309,Female,850.5,35,New Mexico,new mexico,0.8190012133351309
2020,NV,0.7720817843866171,Female,830.76,32,Nevada,nevada,0.7720817843866171
2020,NY,0.8009153318077803,Female,1050,36,New York,new york,0.8009153318077803
2020,OH,0.7953860294117647,Female,865.38,39,Ohio,ohio,0.7953860294117647
2020,OK,0.76923,Female,769.23,40,Oklahoma,oklahoma,0.76923
2020,OR,0.8176928285783645,Female,960,41,Oregon,oregon,0.8176928285783645
2020,PA,0.8214285714285714,Female,920,42,Pennsylvania,pennsylvania,0.8214285714285714
2020,RI,0.8293250000000001,Female,995.19,44,Rhode Island,rhode island,0.8293250000000001
2020,SC,0.7980700000000001,Female,798.07,45,South Carolina,south carolina,0.7980700000000001
2020,SD,0.8413437500000001,Female,807.69,46,South Dakota,south dakota,0.8413437500000001
2020,TN,0.8080871111665783,Female,777,47,Tennessee,tennessee,0.8080871111665783
2020,TX,0.802608695652174,Female,923,48,Texas,texas,0.802608695652174
2020,UT,0.7211517857142857,Female,807.69,49,Utah,utah,0.7211517857142857
2020,VA,0.7903976496466478,Female,1038.46,51,Virginia,virginia,0.7903976496466478
2020,VT,0.8363636363636363,Female,920,50,Vermont,vermont,0.8363636363636363
2020,WA,0.7988153846153846,Female,1038.46,53,Washington,washington,0.7988153846153846
2020,WI,0.8473076923076923,Female,881.2,55,Wisconsin,wisconsin,0.8473076923076923
2020,WV,0.8125677139761647,Female,750,54,West Virginia,west virginia,0.8125677139761647
2020,WY,0.7947494033412887,Female,832.5,56,Wyoming,wyoming,0.7947494033412887
